,fractionnew,degradationrate,degradationrate_95%conf_low,degradationrate_90%conf_low,degradationrate_50%conf_low,degradationrate_bootstrapmedian,degradationrate_50%conf_high,degradationrate_90%conf_high,degradationrate_95%conf_high
ENSG00000000003,0.3333333333333333,0.3296464293562311,,,,,,,
ENSG00000000005,0.3333333333333333,0.3296464293562311,,,,,,,
ENSG00000000419,0.20157170923379175,0.1830163579563013,0.16762566575348212,0.17179219798618375,0.17574682269049144,0.18008298610020093,0.18758052653042534,0.1946478533337121,0.19673858923501622
ENSG00000000457,0.6398305084745762,0.8302280882400761,0.721895567790795,0.7475090497483017,0.7948348317528691,0.8294734026641284,0.8898794654275182,0.9605379817976083,0.9749884449239217
ENSG00000000460,0.38548539114043356,0.39587201356693513,0.3445671313485144,0.3520065107064759,0.3776896373306953,0.3944506373107123,0.41127833027279037,0.43568746521906093,0.4441730857188947
ENSG00000000938,1.0,inf,,,,,,,
ENSG00000000971,0.26523749474569147,0.25057557242884304,0.22510855299010252,0.22730311728609318,0.23629296144486756,0.24715433372182866,0.2569896284695419,0.2672552525246506,0.2680392912507787
ENSG00000001036,0.11627906976744186,0.10049915119282654,0.08539750825970956,0.08993369195608664,0.09661230145273235,0.10233440547344905,0.10576889771210599,0.11458014091541917,0.11656165055548899
ENSG00000001084,0.6483516483516484,0.8496939867618891,0.7352452391556237,0.7721106834148034,0.8011640710519418,0.8424391613897279,0.9015129144248895,0.9740688812156614,0.9925648986654294
ENSG00000001167,0.6924731182795699,0.9586933132743489,0.8534212088449539,0.8753206368535933,0.9154982405139575,0.9539285502492421,1.0047379620772965,1.0971326174781943,1.113234997543864
ENSG00000001460,0.4410480349344978,0.47292011352408336,0.35738484644417334,0.3603267122695635,0.4145712605797768,0.4717483239363658,0.5085085676765818,0.5414493729349125,0.5470364631177728
ENSG00000001461,0.4834983498349835,0.5371356061212693,0.4812366861815368,0.48238343782194865,0.5058589214291116,0.5335523739967427,0.5615177415301356,0.5836213087604581,0.596035446052944
ENSG00000001497,0.1266638042078145,0.11010950672832176,0.0968020934631239,0.0977220704299154,0.10528388370498679,0.10958768277740538,0.11421994282119191,0.11975703935920283,0.12048521566831517
ENSG00000001617,0.4117647058823529,0.4314050821643662,0.09575856557429555,0.11937021964901667,0.2552616230378346,0.42675696117832435,0.5635342931381669,0.8190100152330235,1.0655187868944043
ENSG00000001626,0.03755868544600939,0.031123728919525955,0.017143797345631432,0.017931809639374203,0.02314780048895458,0.026648675328502,0.03925119737268128,0.05195431055242291,0.058118971693927934
ENSG00000001629,0.7537520844913841,1.139362978784876,1.0657584973402099,1.0688170473056928,1.119926559089043,1.1393779104683204,1.1582327007712987,1.2204574176482634,1.2399472465375423
ENSG00000001630,0.24333333333333335,0.2266930546136573,0.18858265758054296,0.19346655833369528,0.21573477852126505,0.22814030123048812,0.24019930637001347,0.2650627059902498,0.27259524838480387
ENSG00000001631,0.36750998668442075,0.37243158351991335,0.33422748710621863,0.33854019561450055,0.35695718055698494,0.37351894599972923,0.39748714420729325,0.420789449932821,0.42224383203467275
ENSG00000002016,0.7163120567375887,1.024293037613197,0.8473423395719356,0.850121648254766,0.9286513171312369,1.0278015291576177,1.0914043875427548,1.2415563356373673,1.2589148620005037
ENSG00000002079,1.0,inf,,,,,,,
ENSG00000002330,0.17573696145124718,0.15712648656363573,0.13365947845263268,0.1360137620341685,0.146296243027018,0.15613123514562627,0.16323161111601672,0.17594779710121242,0.18073973229625964
ENSG00000002549,0.08438605356240525,0.07167516991840739,0.06351452069828759,0.06372901466422581,0.06672206543226009,0.07058663482161047,0.07432327040006156,0.08007222429725677,0.08407698696305904
ENSG00000002586,0.14329976762199845,0.12574569818240847,0.11143032563970577,0.11341997383063833,0.11893744169270688,0.12405971705329018,0.13166847373305118,0.1419584545553215,0.14529198195566045
ENSG00000002726,0.04,0.033188613431101764,0.0,0.0,0.0,0.0379032222521406,0.0657876698876107,0.0933595165939934,0.10209109426247728
ENSG00000002745,0.1,0.08565895581937095,0.0,0.0,0.0,0.07748795106042675,0.12113484392404417,0.19895523865732875,0.22925655744334605
ENSG00000002746,0.10344827586206896,0.08877991216666013,0.049424467351546944,0.049893452338448885,0.06490428539513379,0.08858231784416959,0.10777886202888222,0.13359289303862434,0.15070818360220894
ENSG00000002822,0.49115456238361266,0.5492772093107453,0.5115681481996271,0.5182379210641715,0.5331881378690912,0.5451438335624761,0.55688573435749,0.5760156986563061,0.5804206489514664
ENSG00000002834,0.22202735882146615,0.2041170089450079,0.1868453901247107,0.18776432594576045,0.19713092674652616,0.2035980575030438,0.21185063284611053,0.21889002704688468,0.22103496930585556
ENSG00000002919,0.47086247086247085,0.5174852857289548,0.44413184467843503,0.4480708082036197,0.48572527099338636,0.507442527701621,0.5339671027553416,0.5739435089203921,0.5782512128860898
ENSG00000002933,0.25,0.23388786378193568,,,,,,,
ENSG00000003056,0.3067484662576687,0.2978555951987169,0.26152231836843043,0.2662806853552907,0.2903797056370838,0.30439333547636915,0.3199162636385854,0.34623924700124,0.3516249088322473
ENSG00000003096,0.5024875621890548,0.5675892049357597,0.42777921840430944,0.4616859252544143,0.5294494815834272,0.5636026895101548,0.6199476075578316,0.6917307537373323,0.7487489047193719
ENSG00000003147,0.3221476510067114,0.3161185277269916,0.272507122370305,0.28564100469695203,0.3058786519209856,0.319753965272058,0.33311638474175864,0.35304189721607093,0.3642108889284198
ENSG00000003249,0.2,0.18141752139366643,0.13207696311813819,0.13600643222477313,0.16025596555410176,0.18660896689468232,0.2027395020277768,0.2232650263943756,0.24908567897489997
ENSG00000003393,0.5911602209944752,0.7271804374485009,0.6516281905538195,0.6617919030329622,0.6968983502417396,0.7282794465457514,0.7721575557223553,0.8204601155753584,0.823891901060583
ENSG00000003400,0.45151515151515154,0.48828912454853673,0.4249867881600198,0.4388762687939776,0.47482765575419794,0.4966656370591965,0.5241498902987705,0.5525210555513025,0.5540723090529998
ENSG00000003402,0.47534766118836913,0.5244060549080939,0.46289483901787887,0.4685882538721761,0.5058275832966839,0.5273466099949148,0.541435933288096,0.5711476554117703,0.5759183571112871
ENSG00000003436,0.20075400565504242,0.18218414863583746,0.14969819678572893,0.15606777858424165,0.16661622117674274,0.17979761373042863,0.18726538467922357,0.2020467396657761,0.20623579887617777
ENSG00000003509,0.4292682926829268,0.45596426369158694,0.3817843627149953,0.383244210721601,0.4294693896209456,0.4547249952388205,0.5008865593405292,0.5421936758752518,0.5699073587383169
ENSG00000003756,0.6538860103626943,0.8625911450099883,0.7619947662062558,0.7822167864334503,0.8279056525688266,0.8737002547975066,0.9047374567138907,0.9466792576512166,0.9557111494801588
ENSG00000003987,0.024390243902439025,0.020075294788919937,0.0,0.0,0.0,0.018307602695592593,0.03557479351891657,0.06431396982261407,0.07469512079259956
ENSG00000003989,0.16666666666666666,0.14822890796256472,0.0,0.0,0.07748795106042675,0.1578504182446809,0.23119574452380143,0.2875293784946913,0.3227427108227835
ENSG00000004059,0.06209150326797386,0.05211616763638997,0.048092605156457614,0.04829977171614092,0.04988637450790152,0.052164432899312184,0.054425167003723636,0.0575851148221264,0.05827201062517428
ENSG00000004139,0.13793103448275862,0.1206666708278645,0.0,0.0,0.030984084776793125,0.1163421493013604,0.17488730050158177,0.2821087745275875,0.3027903446133113
ENSG00000004142,0.12475557293703558,0.10833502960920002,0.09647146200498592,0.09696366109622698,0.10211659388682626,0.10821727618974374,0.1119384508506374,0.12007650470573925,0.12017873773181986
ENSG00000004399,0.22357723577235772,0.2057382990940919,0.14513267912363587,0.1518157372662065,0.1878254953628666,0.20455585076467547,0.2252179972031086,0.2534100796571472,0.2641762143283434
ENSG00000004455,0.11649387370405279,0.10069679115884346,0.09394202298028212,0.09463254395362254,0.09811565077094145,0.10205792881975585,0.10336181828241818,0.10551339636464942,0.10647416840737943
ENSG00000004468,0.0784313725490196,0.06640490326363181,0.025922442318863346,0.029778937417418466,0.04810612359553147,0.0687971242076619,0.09279259280078486,0.12714716161825854,0.1305554598051593
ENSG00000004478,0.125,0.10856210782481515,0.09374422271097578,0.09630676269420708,0.10370333564421892,0.10825758635756108,0.11369771222467284,0.11767063670392125,0.11871045436884169
ENSG00000004487,0.1262104583602324,0.10968758647358759,0.09837755621860979,0.10039877641349033,0.10491462395141782,0.10775194077587891,0.11082914448404337,0.11521758206817531,0.11595378347294158
ENSG00000004534,0.45435510887772196,0.4925096726728843,0.4617386798078834,0.46472767643146173,0.4820122150340944,0.489655974990432,0.502856349784709,0.5286145577001901,0.5361025084810124
ENSG00000004660,0.4788732394366197,0.5298877759325943,0.37866622862842586,0.3960071094094562,0.4568455627830833,0.5164582195928595,0.5699622962135447,0.6536275735496357,0.6882980550336071
ENSG00000004700,0.19948186528497408,0.18089113216836214,0.142114923508996,0.14687332654585442,0.16191965677063475,0.17989092931860495,0.19178363693389025,0.21285025827601697,0.21421856142564244
ENSG00000004766,0.6063249727371864,0.757910173921613,0.6949347790610797,0.696783568381201,0.729800389879441,0.751439471449318,0.7878808360047456,0.8148164959541855,0.8245190542921942
ENSG00000004776,0.375,0.3821167717445005,0.01927326505935847,0.10350901588135826,0.21171247099481688,0.3821167717445005,0.7309288731726968,1.4896796585681862,
ENSG00000004777,0.3404255319148936,0.3383417863617174,0.21551267906113958,0.22330458222717578,0.2796771691652198,0.3296464293562311,0.37836047919522076,0.4549721853133519,0.45644606037327745
ENSG00000004779,0.10944123314065511,0.09423267099642953,0.08811508911666913,0.08840907250567356,0.09073305257682941,0.09423742902811895,0.09679797315175089,0.09980457210207888,0.10116084293371051
ENSG00000004838,0.6666666666666666,0.8931807224943981,0.5289329806025606,0.531198335571312,0.7449518145318333,0.8605384694856002,1.072653233518928,1.3747161348279562,1.6785243402764431
ENSG00000004846,0.06837606837606838,0.057582156559847476,0.028958710083663984,0.029813639471657116,0.04150204540591919,0.05824581242008155,0.07464028394562834,0.10725816507524233,0.10747266083929272
ENSG00000004848,1.0,inf,,,,,,,
ENSG00000004864,0.3923853923853924,0.4050524122364354,0.3619272595252676,0.36633161873106973,0.3917584477117556,0.40071943772828467,0.4167298390021536,0.4413855573990599,0.44827453369604153
ENSG00000004866,0.4976303317535545,0.5596902759056904,0.5158718585017059,0.521108422608146,0.5377135144259347,0.5539686851828916,0.5733684886870538,0.6007461217376399,0.6028770942987014
ENSG00000004897,0.5489290214195716,0.6472606271691486,0.5848912606448657,0.6069607356364923,0.6358611594401272,0.6478788336596024,0.6607953114287535,0.6867057408607309,0.6936975217000628
ENSG00000004939,0.11764705882352941,0.101758652808135,0.0,0.02524129444644566,0.08968055299861986,0.10013983417985482,0.1117125597176228,0.16790391420726164,0.23407692317934717
ENSG00000004948,0.06896551724137931,0.058096718684670715,0.016196020140070603,0.022539664563561622,0.03849323242701046,0.058479067796899306,0.06826453668075953,0.09064598122609523,0.10236299932999524
ENSG00000004961,0.22910019144862795,0.2115421657408622,0.18518671202941625,0.18821157729995952,0.203185815814736,0.21009397814636,0.2211755057545659,0.23666360429213087,0.2374874789176137
ENSG00000004975,0.23774509803921567,0.2207107822966891,0.17458814219784546,0.18182008324172808,0.1994264695025439,0.2219975481713622,0.2369757861875089,0.2623663698306025,0.27462089513430177
ENSG00000005007,0.2845779938135219,0.2722623511836604,0.24809379549123825,0.25041197732366777,0.26155740323329535,0.2675624063789114,0.2731831973565198,0.2847291860210165,0.2939312677696165
ENSG00000005020,0.2841409691629956,0.27176586643220363,0.2273700160538618,0.23558399506504338,0.25700219292392956,0.2735163696947149,0.29230076330807464,0.31368112478041704,0.31695109185373344
ENSG00000005022,0.09259981792170634,0.07900139113247501,0.07474656913094078,0.07552381620433127,0.07697025050689472,0.07890686478953038,0.08014703866060427,0.08392591610989893,0.08424278905023061
ENSG00000005059,0.1989247311827957,0.1803255022501969,0.151003231378421,0.15667789556102413,0.16549989055116912,0.17817254010724357,0.19200738866566164,0.21481715898170867,0.21921961888928787
ENSG00000005075,0.14257932446264074,0.12506228527074714,0.11939783850408918,0.11984628635978947,0.12285642504256694,0.12470702706869692,0.12688416016962903,0.12906598223876853,0.13140158383015973
ENSG00000005100,0.3684210526315789,0.37360351981987006,0.3316175099247968,0.3339422587788897,0.35626023409063684,0.37034745139599645,0.3832841933450609,0.39332979211555885,0.39853415686587795
ENSG00000005102,1.0,inf,,,,,,,
ENSG00000005108,0.03125,0.025811949849252277,0.0017339165770506903,0.007915414885426608,0.015127160082539712,0.0268765617149545,0.0349853724023952,0.04809621074204505,0.049646329780514885
ENSG00000005156,0.21568627450980393,0.19751721838243047,0.1694549156898676,0.1705411964585191,0.1899207223161255,0.1991195098182425,0.20581267915308848,0.22351011445291305,0.23132527904510472
ENSG00000005175,0.32406892718176766,0.31842615562961035,0.293345787909109,0.29541677150123635,0.30602768845678985,0.31203634193685414,0.32038444376119074,0.3499640615055534,0.35242630271982955
ENSG00000005187,0.16389548693586697,0.14552980332055634,0.10245548952773742,0.10726034716294351,0.1286821780310493,0.14308947768316851,0.16032596601613933,0.17793128366873687,0.17875855748138297
ENSG00000005189,0.2601880877742947,0.24500755915384922,0.19164898475838307,0.19386279757407424,0.2104408410600031,0.2359818568152417,0.25951880638432484,0.2935588567916433,0.30673739442487963
ENSG00000005194,0.1999031945788964,0.1813191478524875,0.16624945388477683,0.167432606561678,0.17536168599127172,0.1807418275444148,0.18769640375928545,0.1956085846476728,0.1989392451762629
ENSG00000005206,0.17560975609756097,0.1570010278173452,0.13381671351715035,0.13557184492977928,0.1507486195732857,0.15765862576557618,0.16813973176877786,0.1795971241188867,0.18103682025882048
ENSG00000005238,0.8247422680412371,1.4158517353228997,1.142495397824719,1.1501343560423158,1.3012699749584136,1.4886509190891104,1.66657442315911,1.9695089860250532,2.0753781584649813
ENSG00000005243,0.8,1.3084861076700005,0.7783033188234104,0.8931807224943981,1.0185064784515188,1.3084861076700005,,,
ENSG00000005249,0.2074715069649641,0.1890461955451184,0.17343100097944908,0.1776992976400327,0.18189701190204802,0.18872899725001918,0.19485251200820597,0.20117037415083633,0.2027208859997803
ENSG00000005302,0.21069868995633187,0.19236353050029725,0.17297516308079053,0.17433971823938063,0.18574509728060676,0.1927206626894865,0.20562044502924234,0.22720621243712852,0.24069428541505528
ENSG00000005339,0.6523867809057528,0.8590771192673146,0.7936075816103821,0.8004289447297491,0.8334065531130173,0.8562694330330854,0.8708762783471379,0.8956960309522082,0.9068800967443792
ENSG00000005379,0.47101449275362317,0.5177188975681412,0.38362756637636924,0.3913261120678751,0.4692324312665415,0.5120448787474322,0.5526389715621185,0.6519779801819167,0.6666150140375524
ENSG00000005421,0.043478260869565216,0.036139644366531554,0.0,0.0,0.007391797595706267,0.03966680013774964,0.06025038386481451,0.09791353105378486,0.10129020996758493
ENSG00000005436,0.4360655737704918,0.46570512178370616,0.40303312706906846,0.4133191321748849,0.4415787473286225,0.46410089772447116,0.4860575229454699,0.5214015143552293,0.5386429372924215
ENSG00000005448,0.18473895582329317,0.16605440440887823,0.09493625701954578,0.09897758554412717,0.1352588230304608,0.1677925782467689,0.20498813517469033,0.25957430769063783,0.2686743392892752
ENSG00000005469,0.5162241887905604,0.5903525850050827,0.4746244898250695,0.4943940063788355,0.5471249254778167,0.5646745577428859,0.6145848774495205,0.6346699117052532,0.6643620319603553
ENSG00000005471,0.07407407407407407,0.06256995214319376,0.01248536703504998,0.015327122677639351,0.03872943469940425,0.06551554979101823,0.08680835502410955,0.11131675413415007,0.11861443602211053
ENSG00000005483,0.8047658862876255,1.3280941930094514,1.194916530800163,1.2394393399759167,1.2919259982859226,1.3299111926844283,1.3753717670899313,1.4085322412872747,1.419779556164314
ENSG00000005486,0.34212840809146877,0.3404435087610235,0.30441961188583155,0.3079995951081277,0.3279977929995561,0.33764284182659626,0.3534546580327882,0.37659343872139855,0.3798350008326534
ENSG00000005700,0.6811722912966253,0.9293531871637049,0.850313882414235,0.85319455961548,0.9052991415129359,0.9237835925840521,0.9483777156184622,0.9858522008177383,0.989007763787054
ENSG00000005801,0.5946622185154296,0.7341744155504233,0.669470921810951,0.6777027136879525,0.7127553112484579,0.7251028118290821,0.7597230227530589,0.79470278883819,0.8115672986129486
ENSG00000005810,0.426279602750191,0.4517179789802968,0.39548739673694694,0.4130619584474465,0.44064862048192877,0.45418843088736544,0.4654071997397134,0.495930374001935,0.5155019495555189
ENSG00000005812,0.7542372881355932,1.1409664995765778,1.0247356274904236,1.0407379440364852,1.0884140072966937,1.1387679916953863,1.1967029036997496,1.2558482242221796,1.2858134602984732
ENSG00000005844,0.3968253968253968,0.4110150948497129,0.25776250518421895,0.28212509376531003,0.3725403921616378,0.4114267445710081,0.4626350362074574,0.5360388765660963,0.5476977433859841
ENSG00000005882,0.12,0.10392957033323974,0.0,0.011257923902470856,0.04620613318716812,0.10284411157068737,0.142813492155263,0.22812626976920183,0.23388786378193568
ENSG00000005884,0.5555555555555556,0.6592928587124625,,,,,,,
ENSG00000005889,0.7853828306264501,1.2511377606385108,1.1358239927816238,1.1378356665786384,1.1925296749593515,1.237052379881427,1.288812662667271,1.3908735258124172,1.4003230418834156
ENSG00000005893,0.17755572636433511,0.15892239923297027,0.14496829936162156,0.14725753449561496,0.15323778668422863,0.15911997215181528,0.16381407373785184,0.17577371486869398,0.17810868237948443
ENSG00000005961,0.21359223300970873,0.19534945817658295,0.13660367667740483,0.1400157017654417,0.1643915649794988,0.1995382174724495,0.22870350389057184,0.2552811357945351,0.2603010019300309
ENSG00000005981,0.0,-0.0,0.0,0.0,0.0,-0.0,-0.0,-0.0,-0.0
ENSG00000006007,0.24354731965585705,0.22692300689262515,0.2010852937115641,0.20248203722378405,0.2157883214941555,0.22620670671508086,0.23547374140545405,0.24751504527215856,0.2594388205408415
ENSG00000006015,0.08877434135166094,0.07558106346484607,0.06589436263892569,0.06625889861836279,0.07102566735405172,0.07685263095264122,0.08249338317180877,0.08860518694162488,0.08992695820394353
ENSG00000006016,0.30434782608695654,0.2950451168206248,0.16717354817005178,0.19965628716313052,0.26498573650285945,0.3237308007967263,0.37091140056173577,0.43653749347491727,0.46145419910186486
ENSG00000006025,0.4401294498381877,0.47158510764224915,0.40454638767769835,0.4117920464236237,0.4483695236433911,0.46808395619640153,0.4963461474649851,0.5405219161472106,0.5532649407653363
ENSG00000006042,0.1323024054982818,0.11537562476103899,0.09064932558174175,0.094492915885234,0.10620891397031326,0.11197403621963212,0.1252980294147262,0.1357676033689704,0.1416987843068589
ENSG00000006062,0.7940379403794038,1.2846043119952812,1.1393021415629925,1.1497723073522135,1.2230956039344074,1.2724649244753512,1.338954628781615,1.4489748965033427,1.4899388703501875
ENSG00000006071,0.717948717948718,1.0289970514888422,,,,,,,
ENSG00000006116,0.2916666666666667,0.2803581189363656,0.10442916489737025,0.1188917676655313,0.2014838919179178,0.2555319753749488,0.3256215051090402,0.5635342931381669,0.597601038247487
ENSG00000006125,0.312027323737497,0.3040700459936409,0.28334175083378643,0.2843933069316792,0.29517956657034194,0.30305534735475315,0.3077719340651875,0.32100035817460887,0.3223555558250851
ENSG00000006128,0.0,-0.0,0.0,0.0,0.0,-0.0,-0.0,-0.0,-0.0
ENSG00000006194,0.5622047244094488,0.6715478741480118,0.5865148848819204,0.6093481923596079,0.6516060371253322,0.6703913482381281,0.6960290242710803,0.7349458999465721,0.7444260872017195
ENSG00000006210,0.5,0.5635342931381669,,,,,,,
ENSG00000006282,0.10714285714285714,0.09213714252601879,0.0,0.011615377432163529,0.0508295585214097,0.0904273456180686,0.15700252836018647,0.19506023723539648,0.1960667128592586
ENSG00000006283,0.5,0.5635342931381669,0.0,0.0,0.28757760527882176,0.5635342931381669,1.06859662033085,,
ENSG00000006327,0.805111821086262,1.3295360376966197,1.1935031665489615,1.2042575373446471,1.252277749805833,1.342429605554617,1.39710643822777,1.4401881080891124,1.4649846863115754
ENSG00000006432,0.6271186440677966,0.8020284475995151,0.5848603073090756,0.6182438001322109,0.710424548318149,0.8047751071372711,0.8778206438053205,1.0168013250502985,1.0457123119436809
ENSG00000006451,0.30715613382899626,0.2983338264365339,0.27455416794666476,0.2764686635553176,0.28618708139932,0.293587046936439,0.2996553662698348,0.31784437041802893,0.3219021914396364
ENSG00000006453,0.44036697247706424,0.4719300959803517,0.380841202414156,0.39932251483947967,0.44313516659665747,0.4652829980254497,0.4870776505591232,0.5169688986718548,0.536196529826223
ENSG00000006459,0.7057142857142857,0.9944749319136779,0.888160127796746,0.8966985732380964,0.9552756973146883,1.0049613677288125,1.073991886301511,1.158076455279638,1.1997182353182572
ENSG00000006468,0.6541450777202072,0.863199911889859,0.7627855092839725,0.7730479946715987,0.8151569068250256,0.8740763522662294,0.908825312235098,0.9631099974167592,0.9875299988840195
ENSG00000006530,0.47099930118798045,0.5176955496902458,0.4758209616655119,0.47927204996831635,0.4964455060528655,0.517444615329361,0.5317859048893834,0.5675380675211752,0.5776796524774555
ENSG00000006534,0.0,-0.0,,,,,,,
ENSG00000006576,0.7543928153065209,1.141481162194378,1.0569934862238668,1.0731209544035745,1.1062163795426283,1.1431329086736857,1.1643547975056074,1.1942807446191261,1.2189155212931007
ENSG00000006606,0.17721518987341772,0.15858583948893046,0.11590322655093978,0.11619454921038674,0.14447762872782943,0.15507236320717951,0.18655235221917568,0.2146842955466057,0.2192676600317362
ENSG00000006607,0.4713839750260146,0.5182869604811469,0.4559979527633447,0.45902673317023956,0.4863560643729114,0.5113354804282888,0.5297452544837244,0.563758912941076,0.5657910157181866
ENSG00000006611,0.0,-0.0,,,,,,,
ENSG00000006625,0.15533059158494147,0.13724387058644105,0.12396989240547159,0.12498036886302025,0.13112799526404137,0.13766132962237793,0.14256680901114682,0.14536996950691158,0.14617848452699136
ENSG00000006634,0.6236207601144258,0.7944374204775323,0.7338598585158086,0.7476737604894567,0.7678656211508543,0.7925874358530476,0.8154670784358447,0.8429143647938533,0.8451828897075648
ENSG00000006638,0.22119815668202766,0.203250925705192,0.1458101667934156,0.1493226416875767,0.1849967147152266,0.20485233359595387,0.21701145753259535,0.2533735727161906,0.2704865289452111
ENSG00000006652,0.351129363449692,0.35164382885827444,0.3116803797943303,0.31491012983308336,0.33364941592860553,0.3485260530587083,0.3618953856064079,0.37283631713581017,0.3809598418203569
ENSG00000006695,0.6686182669789227,0.8979547123132781,0.7913117551835016,0.8141781466590984,0.8804820886375723,0.9001438848744596,0.9313611279530158,0.9822563102629108,0.9908462055958395
ENSG00000006704,0.631911532385466,0.8125463159174598,0.705297417277343,0.7304187130581781,0.7783812835801852,0.7995410960285667,0.8325477795170397,0.878148941296676,0.9014641352672221
ENSG00000006712,0.2624521072796935,0.24749939316654837,0.2070925329992564,0.21119934850656,0.23687658452100235,0.2470578535661907,0.25580821996720915,0.26476214815608173,0.26954992094753955
ENSG00000006715,0.36742722265932337,0.3723252048865754,0.3418784138041621,0.34304798762982724,0.3573695649765615,0.36951730008167005,0.37850493965598336,0.40731503100259975,0.4170208454809002
ENSG00000006740,0.16923076923076924,0.15073432791167707,0.07820228535073098,0.0887993498528069,0.11933641002692776,0.1508619386692909,0.19444923001491476,0.22738846327664874,0.24901434540048586
ENSG00000006744,0.14413793103448275,0.12654150423578286,0.11459138126055289,0.11534789739527286,0.12250373022135622,0.12647777358134427,0.13035238623965678,0.14244496990988387,0.14470044468484913
ENSG00000006747,0.15034965034965034,0.1324637133978082,0.10529019080110895,0.10735092564718088,0.12265903196416877,0.1349680426513123,0.1489197592378388,0.16867958415840126,0.17632568101697327
ENSG00000006756,0.17647058823529413,0.1578504182446809,0.055577324366714094,0.061660226297493764,0.1147292351564988,0.15658993951368566,0.22245188935314647,0.3365198602811045,0.3608285126585694
ENSG00000006757,0.13527397260273974,0.11816467768525796,0.0879171593440204,0.0966955350983257,0.10775917073596075,0.11679833900636438,0.12609978268647692,0.13956714495132896,0.14555636082749862
ENSG00000006788,0.2857142857142857,0.2735546639196853,0.0,0.0,0.171376858374663,0.24302317103887006,0.3821167717445005,0.5635342931381669,0.5635342931381669
ENSG00000006831,0.617426820966644,0.7811669319351109,0.7206829038051636,0.7237108779632988,0.7500476092290338,0.7755121812994784,0.8035274335637195,0.8308417465813025,0.8348670700532727
ENSG00000006837,0.7230769230769231,1.043915050406075,0.6259385332533858,0.6375493072294374,0.8931807224943981,1.0640340983760717,1.2137939493370533,1.534202966692992,1.6147483837012526
ENSG00000007001,0.15,0.13212921097380076,0.06521128234433103,0.07950653512982499,0.10781277214042012,0.13487034142445392,0.15595957847861686,0.19362228214534635,0.1948714388433136
ENSG00000007038,0.11740635819955933,0.10153689928051665,0.09136886578444081,0.09279730261091622,0.09748524841656342,0.10091110087274244,0.10479371396242226,0.11082975217485548,0.11256627746706319
ENSG00000007047,0.5024469820554649,0.5675228937632518,0.49768710974143265,0.5187735985119847,0.5435021049265689,0.5606410135573279,0.5863338305841692,0.6208987183875616,0.6250222354351063
ENSG00000007062,0.19230769230769232,0.17363747991712117,0.0,0.0,0.08496614051368519,0.17067229494319675,0.31743673661383254,0.5201596656884464,0.5380718814475574
ENSG00000007080,0.16666666666666666,0.14822890796256472,0.1374844037173848,0.13795815174409204,0.1438201808493623,0.14659510792528554,0.15176240108037625,0.15746743195738158,0.15911746343829
ENSG00000007129,0.16666666666666666,0.14822890796256472,0.0,0.0,0.0,0.1367773319598426,0.31562348799709466,0.5635342931381669,0.5635342931381669
ENSG00000007168,0.4484492875104778,0.48375730957121854,0.445780844102149,0.4479642127695174,0.46748693027663324,0.48066142107173077,0.4957936323575756,0.5114783346538416,0.5136505967170079
ENSG00000007171,,,,,,,,,
ENSG00000007174,0.1553398058252427,0.13725273949191216,0.08281473491551467,0.0905484147480347,0.11385423305362707,0.14189297278611523,0.16470638624023498,0.19416967609461971,0.1956514417858673
ENSG00000007202,0.22306675479180435,0.20520393968148923,0.18872675584259516,0.19039017558752136,0.19721493208219368,0.20333013967903352,0.209924341946508,0.22021195811788297,0.22261751175458494
ENSG00000007237,0.47619047619047616,0.5257131422154898,0.19080044109870617,0.24887681623353378,0.39613819765099517,0.4638576085102543,0.6846691370622111,0.9139823555018703,0.9988179423187689
ENSG00000007255,0.09544787077826726,0.08155718911869313,0.06405180131951832,0.06741705018677525,0.07551835662021959,0.08317375635347601,0.09189179902914718,0.10295028734984842,0.10316372374547221
ENSG00000007264,0.11638316920322292,0.10059492653310496,0.08381649616238085,0.08667881077026231,0.09134513025363365,0.09838332738332817,0.10678146713257541,0.11797360135055246,0.119211644449158
ENSG00000007306,0.0,-0.0,0.0,0.0,0.0,-0.0,-0.0,-0.0,-0.0
ENSG00000007314,0.3076923076923077,0.2989632358742418,0.08159883932604722,0.10152015958702937,0.20552200058992787,0.2899796292184817,0.36746758027890836,0.7059323029879174,0.877264007191417
ENSG00000007341,0.4496753246753247,0.48556654971794266,0.4203629366187776,0.4215495474720312,0.4621600849051049,0.49257966786577945,0.5225580197834462,0.5694339237045151,0.5731919014632791
ENSG00000007372,0.5517241379310345,0.6523142053048271,0.46348194427095424,0.4964702883775538,0.5635342931381669,0.6231612789998469,0.7649456089360961,0.9094426772049519,0.9321522859812263
ENSG00000007376,0.30062305295950154,0.2907035902013877,0.26189657287969637,0.2622661314075874,0.2799715946336159,0.2910617017817039,0.2987724129705663,0.3108153828584557,0.3166522721574381
ENSG00000007384,0.2,0.18141752139366643,0.05654287991737397,0.07049972539528583,0.1443076333709242,0.19999290079858162,0.24956011154371208,0.3808164662401478,0.39405050957860505
ENSG00000007392,0.4249857387335995,0.4498865335690411,0.41507199484826646,0.4197334978601945,0.4400546565004023,0.4519180103955225,0.46551779139091964,0.4802682648006593,0.4879435161779497
ENSG00000007402,0.23076923076923078,0.21330428005487082,0.009382919705039744,0.04654768002037386,0.1279483992164514,0.18141752139366643,0.26315466106146723,0.40859228566284733,0.44604715528235817
ENSG00000007516,0.3888888888888889,0.40038738625836917,0.21438349751716138,0.22520497986209356,0.3539171311039396,0.4019973054519045,0.4645748420012415,0.6755548134230162,0.7323311673086105
ENSG00000007520,0.11004232397075799,0.09478160358540737,0.0828869110026387,0.08451007376863477,0.09103284941249729,0.09528536846558189,0.09810035158647917,0.1034108602938216,0.1048022895003922
ENSG00000007541,0.15934065934065933,0.14111281762956088,0.12045223710637988,0.12256788059114551,0.1353087789479706,0.1443346241421613,0.15306289820295174,0.1663450856915784,0.17387654145387202
ENSG00000007545,0.7450331125827815,1.1110744679034033,0.9258696263226642,0.9482007139906298,1.0432160585971848,1.0981196531458286,1.1359297348716786,1.2074451193832,1.2413100681086031
ENSG00000007866,0.7068965517241379,0.9977476963334985,0.7630271589766779,0.8226634513665484,0.9348797992209531,0.9947936215420613,1.0822717089707128,1.2086928542630546,1.2177378985922451
ENSG00000007923,0.35189954925949773,0.35260941306409826,0.33136632746495664,0.3321614150466557,0.34191506014001055,0.3493978044953201,0.3567228066409224,0.3780327701783877,0.38786988748929957
ENSG00000007933,0.0,-0.0,,,,,,,
ENSG00000007944,0.9066985645933014,1.9283900702399268,1.7903622369345789,1.807660695050645,1.8626223670952957,1.8979223624028,1.9743114076363608,2.0760551611227953,2.0999616592942987
ENSG00000007952,0.0,-0.0,0.0,0.0,0.0,-0.0,-0.0,-0.0,-0.0
ENSG00000007968,0.7763713080168776,1.2176977460024465,1.1047905405295608,1.1219623693503797,1.1816666001198315,1.2358050858120149,1.2822224576706134,1.3504694601150629,1.3584221356555441
ENSG00000008018,0.09338919471915039,0.07970896104136782,0.07544400293006427,0.07578382559215033,0.0781499335877334,0.0800049479903497,0.08112629479325138,0.08332410350691852,0.08422160117795154
ENSG00000008056,0.4,0.4153053851756022,0.0,0.0,0.18141752139366643,0.435138785244477,0.5635342931381669,1.1270685862763339,
ENSG00000008083,0.6902067889192353,0.9527237927779962,0.8490240375503741,0.8747978062445477,0.9233616851287708,0.9495651670698468,0.9735698142666378,1.0261999701254945,1.033229914220686
ENSG00000008086,0.32432432432432434,0.31873340469595424,0.12288830107672362,0.12904003820005394,0.24689627138066833,0.3296464293562311,0.3964565283584343,0.5673750676116208,0.6067447411869984
ENSG00000008128,0.2859237536656892,0.27379311769176606,0.2184683406137845,0.22995461282303367,0.2542697706059133,0.26835068047471744,0.28054152538504046,0.3129039204199015,0.3150410388555643
ENSG00000008130,0.25634106853750677,0.240790873749395,0.22110102073486945,0.2224897175229137,0.23025060413993248,0.2400721598259147,0.25022081266200413,0.26142509798944347,0.2679584403436447
ENSG00000008197,0.0,-0.0,0.0,0.0,0.0,-0.0,-0.0,-0.0,-0.0
ENSG00000008226,0.2777777777777778,0.2645710572639252,0.0888129448012928,0.11121876672605611,0.20776570557670682,0.2831761742018015,0.35921361973905636,0.4514089371340939,0.5059741681392672
ENSG00000008256,0.6010544815465729,0.7470978997113238,0.6533064949888233,0.6749141594135241,0.7182714684375981,0.7516912949657504,0.798369533547848,0.8420055774013099,0.8457717948755422
ENSG00000008277,0.12,0.10392957033323974,0.06773248098893996,0.07071810562094105,0.09289196954046464,0.10754457521582385,0.12393531734798499,0.14046179862384042,0.14902037072136168
ENSG00000008282,0.2759538598047915,0.26252045453306444,0.24492971626676863,0.24528353687979426,0.254384120575882,0.2645552026869421,0.26999250497438376,0.28550867713955563,0.28807122139975927
ENSG00000008283,0.23024830699774265,0.21275389655416171,0.18781982210741097,0.19039671332363145,0.2040508227732134,0.21339951976808388,0.22606262242842456,0.23641344496533767,0.2505430956503794
ENSG00000008294,0.3933993399339934,0.40641024031527034,0.37180027054106346,0.37366864637434155,0.3947123529915999,0.4064629332244215,0.4184675485828032,0.4398510577801992,0.4432496276958613
ENSG00000008300,0.25925925925925924,0.2439874735368603,0.07181045768355727,0.08706338617565108,0.17420138868207935,0.23388786378193568,0.31629264863697826,0.46474044092248584,0.49103478443944404
ENSG00000008311,0.09090909090909091,0.07748795106042675,0.0,0.0,0.0,0.07748795106042675,0.1253257559571205,0.23388786378193568,0.2532765105028577
ENSG00000008323,0.5,0.5635342931381669,0.0,0.0,0.3296464293562311,0.5635342931381669,1.1270685862763339,,
ENSG00000008324,0.4774034511092851,0.527597991583256,0.48716269014549984,0.4891538436528609,0.5195137167880115,0.5278170592419825,0.541217329280149,0.5543665105109304,0.5607448583231696
ENSG00000008382,0.1033434650455927,0.08868487351670896,0.055265717282377155,0.060802322209685726,0.0762581570791061,0.08623652388071552,0.10090260147769206,0.11517886164866051,0.12211896659187389
ENSG00000008394,0.1836461126005362,0.164965310970621,0.13770835072696375,0.1437610447494567,0.1519748880762949,0.16268554305296506,0.17540743487136118,0.18210896126473175,0.18699882757922223
ENSG00000008405,0.45136186770428016,0.48806194676183046,0.43291926897080196,0.43748532040121396,0.4755795233186848,0.4942259067114692,0.5116889039240615,0.5459648405028077,0.558529212103913
ENSG00000008438,,,,,,,,,
