	binary_sum	binary_avg	nonzero_avg	nonzero_cov	kon	koff	ksyn	burstsize	kon_95%conf_low	kon_90%conf_low	kon_50%conf_low	kon_bootstrapmedian	kon_50%conf_high	kon_90%conf_high	kon_95%conf_high	kon_bootstrapfail%	koff_95%conf_low	koff_90%conf_low	koff_50%conf_low	koff_bootstrapmedian	koff_50%conf_high	koff_90%conf_high	koff_95%conf_high	koff_bootstrapfail%	ksyn_95%conf_low	ksyn_90%conf_low	ksyn_50%conf_low	ksyn_bootstrapmedian	ksyn_50%conf_high	ksyn_90%conf_high	ksyn_95%conf_high	ksyn_bootstrapfail%	burstsize_95%conf_low	burstsize_90%conf_low	burstsize_50%conf_low	burstsize_bootstrapmedian	burstsize_50%conf_high	burstsize_90%conf_high	burstsize_95%conf_high	burstsize_bootstrapfail%
ENSG00000000003	1.0	0.0016313213703099511	1.0	0.0	2.769591490305372				0.0	0.0	2.769591490305372	2.769591490305372	2.769591490305372	2.769591490305372	2.769591490305372	0.0								100.0								100.0								100.0
ENSG00000000005	1.0	0.0016313213703099511	2.0	0.0	0.6518363448688383		34.19951893353393		0.0	0.0	0.0	0.6518363448688383	0.6518363448688383	0.6518363448688383	0.6518363448688383	0.0								100.0	34.19951893353393	34.19951893353393	34.19951893353393	34.19951893353393	34.19951893353393	34.19951893353393	34.19951893353393	30.0								100.0
ENSG00000000419	299.0	0.48776508972267535	1.7157190635451505	0.566872859861701	4.4369469876970165		27.886915037471958		2.744355562722655	2.769591490305372	3.012607660737759	4.665413210205699	7.065016644416087	8.120094145045359	8.45578732773504	0.0								100.0	16.99604496572938	18.67118273471441	23.422091434642354	27.005467164172146	31.264041506326265	34.705447230295455	36.35270577742718	0.0								100.0
ENSG00000000457	115.0	0.18760195758564438	1.3130434782608695	0.4854806041883775	0.6518363448688383		34.19951893353393		0.17833392068370887	0.6518363448688383	0.6518363448688383	1.2683638133643795	6.736516759615763	18.378251741560927	23.010490164988223	14.0								100.0	8.356595090717207	10.387919428485752	21.20582452214238	34.19951893353393	34.19951893353393	34.19951893353393	34.19951893353393	14.0								100.0
ENSG00000000460	248.0	0.40456769983686786	1.649193548387097	0.642538879759473	2.769591490305372		34.19951893353393		2.0091054821777763	2.3243467600134626	2.769591490305372	2.769591490305372	2.8459256815361003	11.76773446825124	11.76773446825124	0.0								100.0	5.848035476425731	5.848035476425731	28.279522805805435	34.19951893353393	34.19951893353393	34.19951893353393	34.19951893353393	0.0								100.0
ENSG00000000938	1.0	0.0016313213703099511	2.9999999999999996	0.0	0.1534127404634389				0.0	0.0	0.0	0.1534127404634389	0.1534127404634389	0.1534127404634389	0.1534127404634389	0.0								100.0								100.0								100.0
ENSG00000000971	253.0	0.41272430668841764	2.4940711462450595	0.9224870684975094	0.0361064078764099				0.0361064078764099	0.0361064078764099	0.0361064078764099	0.1534127404634389	0.1534127404634389	2.769591490305372	2.769591490305372	20.0								100.0				34.19951893353393				94.0								100.0
ENSG00000001036	160.0	0.26101141924959215	1.3750000000000002	0.590559337051335	0.6518363448688383		34.19951893353393		0.6518363448688383	0.6518363448688383	0.6518363448688383	0.6518363448688383	0.6518363448688383	0.6518363448688383	0.6518363448688383	4.0								100.0	23.102106280994796	34.19951893353393	34.19951893353393	34.19951893353393	34.19951893353393	34.19951893353393	34.19951893353393	6.0								100.0
ENSG00000001084	182.0	0.2969004893964111	1.620879120879121	0.8368213891539762	2.769591490305372		34.19951893353393		0.6518363448688383	0.6518363448688383	0.6518363448688383	2.769591490305372	2.769591490305372	2.769591490305372	2.769591490305372	0.0								100.0	34.19951893353393	34.19951893353393	34.19951893353393	34.19951893353393	34.19951893353393	34.19951893353393	34.19951893353393	0.0								100.0
ENSG00000001167	207.0	0.3376835236541599	1.5555555555555556	0.6046257651497122	11.76773446825124		5.848035476425731		0.6518363448688383	0.6518363448688383	0.8489531939763585	8.264533212974861	11.76773446825124	11.76773446825124	11.76773446825124	0.0								100.0	5.848035476425731	5.848035476425731	5.848035476425731	31.842553389356645	34.19951893353393	34.19951893353393	34.19951893353393	0.0								100.0
ENSG00000001460	79.0	0.12887438825448613	1.2784810126582278	0.46460864184752737	0.1534127404634389		34.19951893353393		0.1534127404634389	0.1534127404634389	0.1534127404634389	1.4125105542020702	4.542629827781006	12.594933451179774	15.460402332623861	0.0								100.0	5.848035476425731	5.848035476425731	13.589786287931341	30.482875315767444	34.19951893353393	34.19951893353393	35.66311255274484	0.0								100.0
ENSG00000001461	199.0	0.32463295269168024	1.4723618090452262	0.5769432521260188	0.6518363448688383		34.19951893353393		0.6518363448688383	0.6518363448688383	0.6518363448688383	0.6518363448688383	11.76773446825124	11.76773446825124	11.76773446825124	0.0								100.0	5.848035476425731	5.848035476425731	5.848035476425731	34.19951893353393	34.19951893353393	34.19951893353393	34.19951893353393	0.0								100.0
ENSG00000001497	209.0	0.34094616639477976	1.411483253588517	0.49642213134656227	6.816855100860265		17.571154397296468		3.29112606470949	4.047948781698439	6.22546053858175	7.015281626500498	8.67597287784924	11.76773446825124	11.76773446825124	4.0								100.0	5.848035476425731	5.848035476425731	5.848035476425731	14.799936161214525	18.75282541969083	25.373944708878085	25.951784716006507	0.0								100.0
ENSG00000001617	6.0	0.009787928221859706	1.1666666666666667	0.31943828249996986	0.6518363448688383		5.848035476425731		0.0361064078764099	0.0361064078764099	0.1534127404634389	0.6518363448688383	2.769591490305372	2.769591490305372	2.769591490305372	0.0								100.0	5.848035476425731	5.848035476425731	5.848035476425731	5.848035476425731	34.19951893353393	34.19951893353393	34.19951893353393	38.0								100.0
ENSG00000001626	7.0	0.011419249592169658	1.1428571428571428	0.30618621784789735	0.6518363448688383		5.848035476425731		0.0361064078764099	0.0361064078764099	0.0361064078764099	0.6518363448688383	2.769591490305372	2.769591490305372	2.769591490305372	0.0								100.0	5.848035476425731	5.848035476425731	5.848035476425731	5.848035476425731	34.19951893353393	34.19951893353393	34.19951893353393	40.0								100.0
ENSG00000001629	453.0	0.7389885807504079	2.9933774834437084	0.749635530692902	0.6518363448688383				0.6518363448688383	0.6518363448688383	0.6518363448688383	0.6518363448688383	0.6518363448688383	0.6518363448688383	0.6518363448688383	22.0								100.0	5.848035476425731	5.848035476425731	5.848035476425731	5.848035476425731	5.848035476425731	5.848035476425731	5.848035476425731	68.0								100.0
ENSG00000001630	67.0	0.10929853181076672	1.0895522388059702	0.2620702256124519	11.176688097542373		3.476959224212771		6.042789162631533	7.498382462888111	9.48604822607872	11.517943608070723	11.76773446825124	14.263410211191157	14.368428324089033	0.0								100.0	1.7901990669599548	2.0769398395140213	3.198047428123078	5.072638674834285	8.042651615318192	11.086070006172026	12.150756121815824	28.0								100.0
ENSG00000001631	188.0	0.3066884176182708	1.4680851063829785	0.5549986706917859	0.6518363448688383		34.19951893353393		0.6518363448688383	0.6518363448688383	0.6518363448688383	2.383163103533263	7.217016428472005	11.76773446825124	11.76773446825124	0.0								100.0	5.848035476425731	7.142552478001511	27.476153655731956	34.19951893353393	34.19951893353393	34.19951893353393	36.12510585886313	4.0								100.0
ENSG00000002016	85.0	0.13866231647634583	1.188235294117647	0.3762376237623762	2.5476925714997107		12.415939161027673		0.26555805145465383	1.604826160315279	2.769591490305372	4.018692371331586	9.460913993872307	14.421724375667171	15.090291182226698	0.0								100.0	2.5776053813385085	3.5444519906417735	5.848035476425731	9.815042404674209	14.178580863263726	20.389470681384307	21.498974205326384	0.0								100.0
ENSG00000002079	2.0	0.0032626427406199023	1.0	0.0	2.769591490305372				0.0	0.0	2.769591490305372	2.769591490305372	2.769591490305372	2.769591490305372	2.769591490305372	0.0								100.0								100.0								100.0
ENSG00000002330	131.0	0.2137030995106036	1.183206106870229	0.38795603557091374					0.6518363448688383	1.8166016748589318	2.769591490305372	16.691042145715784	27.045769981303643	29.318623231914636	30.09832292715503	36.0								100.0	3.607759946775616	4.466071288508478	5.394876107212632	5.848035476425731	5.848035476425731	9.397301307049318	10.718298935687365	54.0								100.0
ENSG00000002549	127.0	0.20717781402936378	1.3149606299212597	0.4743029065464157	0.6518363448688383		34.19951893353393		0.6518363448688383	0.6518363448688383	0.6518363448688383	1.637468434603664	5.6049858161050805	17.490309374764372	20.11292981597248	20.0								100.0	15.178123831024065	17.78230525925882	22.363848505245606	25.745508387536816	34.19951893353393	34.19951893353393	34.19951893353393	8.0								100.0
ENSG00000002586	140.0	0.22838499184339314	1.3214285714285716	0.4893310231894775	0.6518363448688383		34.19951893353393		0.6518363448688383	0.6518363448688383	0.6518363448688383	0.6518363448688383	6.261735323175539	22.51200527885353	24.55134673222653	12.0								100.0	17.566991816930877	17.661925512755786	22.219281159873088	34.19951893353393	34.19951893353393	34.19951893353393	34.19951893353393	18.0								100.0
ENSG00000002726	1.0	0.0016313213703099511	1.0	0.0	2.769591490305372				0.0	0.0	0.0	2.769591490305372	2.769591490305372	2.769591490305372	2.769591490305372	0.0								100.0								100.0								100.0
ENSG00000002745	1.0	0.0016313213703099511	1.0	0.0	2.769591490305372				0.0	0.0	0.0	2.769591490305372	2.769591490305372	2.769591490305372	2.769591490305372	0.0								100.0								100.0								100.0
ENSG00000002746	9.0	0.01468189233278956	1.0	0.0	2.769591490305372				2.769591490305372	2.769591490305372	2.769591490305372	2.769591490305372	2.769591490305372	2.769591490305372	2.769591490305372	0.0								100.0								100.0								100.0
ENSG00000002822	453.0	0.7389885807504079	2.328918322295806	0.6629896424939241			5.848035476425731									100.0								100.0	5.848035476425731	5.848035476425731	5.848035476425731	5.848035476425731	5.848035476425731	5.848035476425731	5.848035476425731	0.0								100.0
ENSG00000002834	341.0	0.5562805872756933	1.8563049853372433	0.6006692234031862	8.205325874099547		29.755812049496615		2.769591490305372	2.769591490305372	2.769591490305372	8.80460076719309	11.236407208857317	14.097635091380798	14.523872626100916	0.0								100.0	23.89818724309929	25.268468899288244	30.243334202601876	34.19951893353393	34.19951893353393	34.6275435175676	35.37321530958676	0.0								100.0
ENSG00000002919	160.0	0.26101141924959215	1.2625	0.400837276831627	21.134138452381112		9.806270918765673		5.00478260213842	5.175048299429951	10.789504624889563	17.73244717195493	28.917106433947055	38.084968750766585	38.7995280503068	8.0								100.0	3.8898005454418527	4.470292122447819	6.666448921305698	10.344332563352523	12.921461313324519	16.049167739645224	16.67435081636976	4.0								100.0
ENSG00000002933	1.0	0.0016313213703099511	1.0	0.0	2.769591490305372				0.0	0.0	0.0	2.769591490305372	2.769591490305372	2.769591490305372	2.769591490305372	0.0								100.0								100.0								100.0
ENSG00000003056	185.0	0.30179445350734097	1.3513513513513513	0.4491770252361534	6.623869187844851		14.580303467524855		4.799634652017539	5.02270184514847	5.841027430927076	6.531513754337297	9.772017280010992	20.199014886097572	22.42188535916635	10.0								100.0	6.768544103982945	8.805688084592019	11.658976640115442	14.840953731624259	16.835761070096837	22.249739416250755	32.81706225772236	8.0								100.0
ENSG00000003096	52.0	0.08482871125611746	1.942307692307692	0.7379393304639241	2.769591490305372		34.19951893353393		0.4640882199721446	0.49262239128849755	0.6518363448688383	2.769591490305372	2.769591490305372	2.769591490305372	2.769591490305372	12.0								100.0	34.19951893353393	34.19951893353393	34.19951893353393	34.19951893353393	34.19951893353393	138.5093498425641	139.35509174097965	18.0								100.0
ENSG00000003147	168.0	0.2740619902120718	1.4285714285714286	0.5894913061275798	0.6518363448688383		34.19951893353393		0.6518363448688383	0.6518363448688383	0.6518363448688383	0.6518363448688383	0.6518363448688383	0.6518363448688383	2.9565665779711265	2.0								100.0	17.9383553914319	26.862522234613422	34.19951893353393	34.19951893353393	34.19951893353393	34.19951893353393	34.19951893353393	2.0								100.0
ENSG00000003249	28.0	0.04567699836867863	1.2499999999999998	0.3464101615137755	1.4394881283738352		25.871123448131442		0.7247488944871937	1.0052333481490328	1.3961006934282505	1.4684653248125916	1.595053456420629	2.427291216095378	2.619020434231727	0.0								100.0	10.310959794751986	11.050320032782464	21.59118092838277	25.383280354471484	32.8738170583611	43.841723968544414	44.28307533122343	0.0								100.0
ENSG00000003393	197.0	0.32137030995106036	1.6294416243654821	0.6484691382708653	2.769591490305372		34.19951893353393		0.6518363448688383	0.6518363448688383	0.6518363448688383	2.769591490305372	2.769591490305372	11.76773446825124	11.76773446825124	0.0								100.0	34.19951893353393	34.19951893353393	34.19951893353393	34.19951893353393	34.19951893353393	34.19951893353393	34.19951893353393	0.0								100.0
ENSG00000003400	110.0	0.17944535073409462	1.3545454545454545	0.5035346438094682	0.6518363448688383		34.19951893353393		0.1534127404634389	0.3527821822255989	0.6518363448688383	0.6518363448688383	1.5605706032294042	9.136259296334593	13.824883954713801	2.0								100.0	17.00962955984818	18.791574829784196	26.39526804754102	34.19951893353393	34.19951893353393	37.922584639497224	38.767243113017166	2.0								100.0
ENSG00000003402	229.0	0.3735725938009788	1.6419213973799127	0.6447479952394761	2.769591490305372		34.19951893353393		2.769591490305372	2.769591490305372	2.769591490305372	2.769591490305372	9.518198723764772	11.76773446825124	11.76773446825124	0.0								100.0	5.848035476425731	5.848035476425731	12.005542922342388	34.19951893353393	34.19951893353393	34.19951893353393	34.19951893353393	0.0								100.0
ENSG00000003436	149.0	0.24306688417618272	1.429530201342282	0.5268266718912877	2.905883605783717		28.52967087177108		0.6518363448688383	0.6518363448688383	0.6518363448688383	1.2038873165604702	2.7410782895476933	4.350100346939528	5.643841718191209	2.0								100.0	18.538531576475904	21.325103619218044	29.78419856882417	34.19951893353393	34.19951893353393	34.99579110663951	35.29769974986401	2.0								100.0
ENSG00000003509	122.0	0.19902120717781402	1.4426229508196722	0.5254376373498587	1.0019933998732122		33.243591419408695		0.6518363448688383	0.6518363448688383	0.6518363448688383	1.073003789612624	1.7140428231811535	6.9235072630101975	10.518408916407674	0.0								100.0	24.879323193632903	25.885366255989773	30.779591131606303	34.19951893353393	34.19951893353393	44.59093398780253	46.32650427095592	0.0								100.0
ENSG00000003756	335.0	0.5464926590538336	1.883582089552239	0.6291500835512465	2.769591490305372		34.19951893353393		2.769591490305372	2.769591490305372	2.769591490305372	2.769591490305372	6.221991019121912	10.931716462060638	11.448920433050874	0.0								100.0	29.892176447022447	31.594202354491145	34.19951893353393	34.19951893353393	34.19951893353393	40.0688341716882	41.66363437162908	0.0								100.0
ENSG00000003987	1.0	0.0016313213703099511	1.0	0.0	2.769591490305372				0.0	0.0	0.0	2.769591490305372	2.769591490305372	2.769591490305372	2.769591490305372	0.0								100.0								100.0								100.0
ENSG00000003989	3.0	0.004893964110929853	1.0	0.0	2.769591490305372				0.623158085318709	2.769591490305372	2.769591490305372	2.769591490305372	2.769591490305372	2.769591490305372	2.769591490305372	0.0								100.0								100.0								100.0
ENSG00000004059	186.0	0.3034257748776509	1.3279569892473118	0.471742447298446					0.6518363448688383	0.6518363448688383	0.6518363448688383	5.949027941192585	11.76773446825124	18.473843726473742	25.419084596784035	34.0								100.0	5.716431005829036	5.848035476425731	7.736475438302211	15.581415226859601	19.930792376773034	34.19951893353393	34.19951893353393	38.0								100.0
ENSG00000004139	2.0	0.0032626427406199023	2.0	0.5	2.769591490305372		34.19951893353393		0.0	0.0	0.1534127404634389	0.6518363448688383	2.769591490305372	2.769591490305372	2.769591490305372	10.0								100.0	34.19951893353393	34.19951893353393	34.19951893353393	34.19951893353393	34.19951893353393	34.19951893353393	34.19951893353393	66.0								100.0
ENSG00000004142	227.0	0.3703099510603589	1.4052863436123348	0.5759670929805114	11.76773446825124		5.848035476425731		11.76773446825124	11.76773446825124	11.76773446825124	11.76773446825124	11.76773446825124	11.76773446825124	11.76773446825124	2.0								100.0	5.848035476425731	5.848035476425731	5.848035476425731	5.848035476425731	5.848035476425731	5.848035476425731	11.569199609152001	2.0								100.0
ENSG00000004399	45.0	0.0734094616639478	1.2222222222222223	0.34015067152490375	1.5998960445021704		20.289814162634517		1.4899108550576061	1.5116329600289555	1.6037751271889549	1.6660632990431494	3.224504321708926	7.396490987941606	7.589767654181871	0.0								100.0	8.797120409878907	10.342332990044225	15.837019818240819	19.68333121636971	26.322861164599853	31.785347931774783	33.24485813086855	0.0								100.0
ENSG00000004455	464.0	0.7569331158238173	2.663793103448276	0.6671770440869474			5.848035476425731					40.054098042675314				98.0								100.0	5.848035476425731	5.848035476425731	5.848035476425731	5.848035476425731	5.848035476425731	5.848035476425731	34.923819170406354	0.0								100.0
ENSG00000004468	4.0	0.0065252854812398045	1.0	0.0	2.769591490305372				2.769591490305372	2.769591490305372	2.769591490305372	2.769591490305372	2.769591490305372	2.769591490305372	2.769591490305372	0.0								100.0								100.0								100.0
ENSG00000004478	276.0	0.45024469820554647	1.6992753623188406	0.6454711059126933	2.769591490305372		34.19951893353393		2.512495599884599	2.769591490305372	2.769591490305372	2.769591490305372	2.769591490305372	11.76773446825124	11.76773446825124	0.0								100.0	5.848035476425731	5.848035476425731	34.19951893353393	34.19951893353393	34.19951893353393	34.19951893353393	34.19951893353393	0.0								100.0
ENSG00000004487	276.0	0.45024469820554647	1.4166666666666667	0.5426034783129371	11.76773446825124		5.848035476425731		11.76773446825124	11.76773446825124	11.76773446825124	11.76773446825124	11.76773446825124	11.76773446825124	11.76773446825124	0.0								100.0	5.848035476425731	5.848035476425731	5.848035476425731	5.848035476425731	5.848035476425731	5.848035476425731	5.848035476425731	0.0								100.0
ENSG00000004534	435.0	0.7096247960848288	2.494252873563218	0.75502380652323			5.848035476425731									100.0								100.0	5.848035476425731	5.848035476425731	5.848035476425731	5.848035476425731	5.848035476425731	5.848035476425731	5.848035476425731	0.0								100.0
ENSG00000004660	53.0	0.0864600326264274	1.2830188679245285	0.4636436108951308	0.1534127404634389		34.19951893353393		0.0361064078764099	0.0361064078764099	0.1534127404634389	0.9151892509295638	2.769591490305372	4.14146993140371	6.041819090106625	0.0								100.0	5.848035476425731	5.848035476425731	23.96990931539621	34.19951893353393	34.19951893353393	38.47625279666137	40.66887303018353	0.0								100.0
ENSG00000004700	116.0	0.18923327895595432	1.3275862068965516	0.5397037598748091	0.6518363448688383		34.19951893353393		0.6518363448688383	0.6518363448688383	0.6518363448688383	0.6518363448688383	0.6518363448688383	15.793602251226114	16.575322830180447	12.0								100.0	14.904004108766859	16.93413816287982	22.503379662621967	34.19951893353393	34.19951893353393	34.19951893353393	34.19951893353393	6.0								100.0
ENSG00000004766	294.0	0.4796084828711256	1.8911564625850341	0.7262001073615231	2.769591490305372		34.19951893353393		2.769591490305372	2.769591490305372	2.769591490305372	2.769591490305372	2.769591490305372	2.769591490305372	4.091540595130599	0.0								100.0	34.19951893353393	34.19951893353393	34.19951893353393	34.19951893353393	34.19951893353393	34.19951893353393	34.19951893353393	0.0								100.0
ENSG00000004776	3.0	0.004893964110929853	1.0	0.0	2.769591490305372				0.0	0.0	2.769591490305372	2.769591490305372	2.769591490305372	2.769591490305372	2.769591490305372	0.0								100.0								100.0								100.0
ENSG00000004777	27.0	0.04404567699836868	1.1851851851851853	0.32775276505317236	1.470417178598773		18.453360958945705		0.9517332176183129	0.9919459513163753	1.4370623877541324	1.5453109588025886	2.570040600007052	3.9643801844971622	5.4938914449096865	0.0								100.0	7.57062385440769	9.15275197046143	12.916491323838834	17.312587722873616	24.39256476175803	32.45781437503702	35.765689854254965	6.0								100.0
ENSG00000004779	397.0	0.6476345840130505	2.146095717884131	0.5820838963316007	27.271668216271422		30.816813878766173		2.769591490305372	9.149776469813022	25.319678657278654	27.144011400260354	30.160538798522914	33.00523594874077	33.68863184997778	4.0								100.0	9.19723891274136	21.420988326763993	26.155967749328827	31.436716192255794	34.19951893353393	39.66620411549621	41.41798752316336	0.0								100.0
ENSG00000004838	13.0	0.021207177814029365	1.2307692307692308	0.4677071733467426	0.0361064078764099		34.19951893353393		0.0361064078764099	0.0361064078764099	0.0361064078764099	0.30240297517595893	0.6518363448688383	2.769591490305372	2.769591490305372	0.0								100.0	5.848035476425731	5.848035476425731	34.19951893353393	34.19951893353393	34.19951893353393	43.20305782542009	55.108394024708026	14.0								100.0
ENSG00000004846	8.0	0.013050570962479609	1.0	0.0	2.769591490305372				2.769591490305372	2.769591490305372	2.769591490305372	2.769591490305372	2.769591490305372	2.769591490305372	2.769591490305372	0.0								100.0								100.0								100.0
ENSG00000004848	1.0	0.0016313213703099511	1.0	0.0	2.769591490305372				0.0	0.0	0.0	2.769591490305372	2.769591490305372	2.769591490305372	2.769591490305372	0.0								100.0								100.0								100.0
ENSG00000004864	382.0	0.6231647634584013	2.643979057591623	0.7816541670953692			5.848035476425731					0.1534127404634389				86.0								100.0	5.848035476425731	5.848035476425731	5.848035476425731	5.848035476425731	5.848035476425731	5.848035476425731	5.848035476425731	8.0								100.0
ENSG00000004866	330.0	0.5383360522022839	1.909090909090909	0.6325750323714515	2.769591490305372		34.19951893353393		2.769591490305372	2.769591490305372	2.769591490305372	2.769591490305372	8.364313320030535	12.633394916406397	14.459742806288695	0.0								100.0	30.12785201913051	30.862880102697495	34.19951893353393	34.19951893353393	34.61767093345324	44.78283103251512	50.750354535723055	0.0								100.0
ENSG00000004897	464.0	0.7569331158238173	2.8168103448275863	0.7156299040662216			5.848035476425731					0.6518363448688383				92.0								100.0	5.848035476425731	5.848035476425731	5.848035476425731	5.848035476425731	5.848035476425731	5.848035476425731	5.848035476425731	10.0								100.0
ENSG00000004939	3.0	0.004893964110929853	2.0	0.7071067811865476	2.769591490305372		34.19951893353393		0.0	0.0	0.6518363448688383	0.6518363448688383	2.769591490305372	2.769591490305372	2.769591490305372	22.0								100.0	34.19951893353393	34.19951893353393	34.19951893353393	34.19951893353393	34.19951893353393	80.31021334907462	114.89323416073033	74.0								100.0
ENSG00000004948	8.0	0.013050570962479609	1.2499999999999998	0.3464101615137755	0.0361064078764099		34.19951893353393		0.0361064078764099	0.0361064078764099	0.06543299102316716	0.6518363448688383	0.6518363448688383	2.769591490305372	2.769591490305372	0.0								100.0	5.848035476425731	5.848035476425731	5.848035476425731	34.19951893353393	34.19951893353393	34.19951893353393	37.53575678330212	14.0								100.0
ENSG00000004961	237.0	0.3866231647634584	1.5147679324894512	0.5577990082033647	11.76773446825124		5.848035476425731		3.320281212477699	4.625868473734651	11.76773446825124	11.76773446825124	11.76773446825124	11.76773446825124	11.76773446825124	0.0								100.0	5.848035476425731	5.848035476425731	5.848035476425731	5.848035476425731	15.103772949343544	26.58412327460556	29.36137549816174	0.0								100.0
ENSG00000004975	75.0	0.12234910277324633	1.2933333333333334	0.45125914697400593	2.2844742891883505		24.961777555027076		0.1534127404634389	0.1534127404634389	0.5876008570301448	1.2359616912561178	2.769591490305372	3.917025396092099	4.2476475566947265	0.0								100.0	5.848035476425731	5.848035476425731	23.46555979752288	29.249741710441906	34.19951893353393	39.66117301904019	42.31111397495555	0.0								100.0
ENSG00000005007	353.0	0.5758564437194127	1.8243626062322946	0.6264753429080728	2.769591490305372		34.19951893353393		2.769591490305372	2.769591490305372	2.769591490305372	2.769591490305372	2.769591490305372	12.328082226845705	15.231553591087721	0.0								100.0	30.583452933271005	34.19951893353393	34.19951893353393	34.19951893353393	34.19951893353393	34.19951893353393	34.88332498296838	0.0								100.0
ENSG00000005020	148.0	0.24143556280587275	1.7432432432432432	0.7949800435452694	2.769591490305372		34.19951893353393		0.6518363448688383	0.6518363448688383	0.6518363448688383	2.769591490305372	2.769591490305372	2.769591490305372	2.769591490305372	0.0								100.0	34.19951893353393	34.19951893353393	34.19951893353393	34.19951893353393	34.19951893353393	34.19951893353393	34.19951893353393	0.0								100.0
ENSG00000005022	488.0	0.7960848287112561	2.918032786885246	0.669535892106869			5.848035476425731		0.6518363448688383	0.6518363448688383	0.6518363448688383	0.6518363448688383	0.6518363448688383	0.6518363448688383	0.6518363448688383	64.0								100.0	5.848035476425731	5.848035476425731	5.848035476425731	5.848035476425731	5.848035476425731	5.848035476425731	11.014920116198194	30.0								100.0
ENSG00000005059	61.0	0.09951060358890701	1.2131147540983607	0.4251927762851966	2.769591490305372		5.848035476425731		0.0361064078764099	0.0361064078764099	0.1534127404634389	2.769591490305372	5.965458245233284	9.07456270635331	9.272997623776831	0.0								100.0	5.848035476425731	5.848035476425731	6.365756006556454	21.650672275777396	34.19951893353393	34.19951893353393	34.19951893353393	0.0								100.0
ENSG00000005075	529.0	0.8629690048939641	2.6332703213610587	0.6319372498516789			5.848035476425731									100.0								100.0	5.848035476425731	5.848035476425731	5.848035476425731	5.848035476425731	5.848035476425731	5.848035476425731	5.848035476425731	0.0								100.0
ENSG00000005100	241.0	0.3931484502446982	1.4232365145228216	0.4975097144653421	8.448742805015		13.986640758247061		6.06669819980532	6.238390754910965	7.975631006126653	9.20560704287939	11.76773446825124	11.76773446825124	11.76773446825124	0.0								100.0	5.848035476425731	5.848035476425731	5.848035476425731	6.498393507636116	14.764962603867057	19.828695170779184	21.64096606052971	0.0								100.0
ENSG00000005102	1.0	0.0016313213703099511	1.0	0.0	2.769591490305372				0.0	0.0	0.0	2.769591490305372	2.769591490305372	2.769591490305372	2.769591490305372	0.0								100.0								100.0								100.0
ENSG00000005108	3.0	0.004893964110929853	1.0	0.0	2.769591490305372				0.623158085318709	2.769591490305372	2.769591490305372	2.769591490305372	2.769591490305372	2.769591490305372	2.769591490305372	0.0								100.0								100.0								100.0
ENSG00000005156	100.0	0.1631321370309951	1.21	0.35633158904644796	17.69538114776768		12.372605674806143		2.385587119202145	2.7091393836081687	3.983729729591861	9.929339063419533	15.522424298841115	20.97283521929573	23.1491134062714	0.0								100.0	4.57450764582031	6.157095825538615	8.941710562649181	11.705570089988665	15.049797462166014	18.20620855271333	18.613895795217278	0.0								100.0
ENSG00000005175	341.0	0.5562805872756933	1.7096774193548387	0.6208978130958903	2.769591490305372		34.19951893353393		2.769591490305372	2.769591490305372	2.769591490305372	2.769591490305372	2.769591490305372	2.769591490305372	2.769591490305372	0.0								100.0	5.848035476425731	14.284460766093094	34.19951893353393	34.19951893353393	34.19951893353393	34.19951893353393	34.19951893353393	0.0								100.0
ENSG00000005187	51.0	0.08319738988580751	1.352941176470588	0.45875918235780916	0.7916248543354641		34.61295814588294		0.0361064078764099	0.08889425754057298	0.5810744573510478	1.0102367443354408	1.4396728967700225	4.170982308794	5.426520471555888	0.0								100.0	8.109238906841712	17.133384809525676	29.17019142770917	34.164475790280505	43.72253414529284	51.45818585524184	52.6430524457228	0.0								100.0
ENSG00000005189	67.0	0.10929853181076672	1.2388059701492538	0.39667656947359825	5.247478743621913		19.88294216825243		0.9498060639356692	0.989815660554517	1.6028499213116751	2.653626216306921	4.624617340644764	9.791185517416416	10.594952250237094	0.0								100.0	7.120374607378916	13.11608360190198	18.419383476307686	21.988896542130334	25.833749259471322	30.896472325815555	32.74661645278919	0.0								100.0
ENSG00000005194	280.0	0.4567699836867863	1.475	0.5310949113859684	11.76773446825124		5.848035476425731		9.23904994610981	9.790045626761604	11.76773446825124	11.76773446825124	11.76773446825124	11.76773446825124	11.76773446825124	0.0								100.0	5.848035476425731	5.848035476425731	5.848035476425731	5.848035476425731	5.848035476425731	16.91746382750952	18.105219441110968	0.0								100.0
ENSG00000005206	93.0	0.15171288743882544	1.1612903225806452	0.40508597878198804	2.769591490305372		5.848035476425731		0.1534127404634389	0.1534127404634389	2.769591490305372	2.769591490305372	2.769591490305372	17.767552438483946	19.64781834153833	0.0								100.0	4.227766838056663	4.36800174600309	5.848035476425731	5.848035476425731	9.766174269164372	34.19951893353393	34.19951893353393	4.0								100.0
ENSG00000005238	67.0	0.10929853181076672	1.1940298507462686	0.361420807370024	6.242150555961792		15.029335656356551		1.498582346585106	1.6046843374822963	2.769591490305372	4.067053224420992	5.44552490903077	9.872181128026622	10.096316459658322	0.0								100.0	3.6835157722348777	5.089390840311918	9.636491960165507	13.905126981726468	18.042881009520197	21.791414931557956	25.62627498784751	0.0								100.0
ENSG00000005243	4.0	0.0065252854812398045	1.0	0.0	2.769591490305372				2.769591490305372	2.769591490305372	2.769591490305372	2.769591490305372	2.769591490305372	2.769591490305372	2.769591490305372	0.0								100.0								100.0								100.0
ENSG00000005249	415.0	0.6769983686786297	2.3686746987951803	0.7352129481908556			5.848035476425731									100.0								100.0	5.848035476425731	5.848035476425731	5.848035476425731	5.848035476425731	5.848035476425731	5.848035476425731	5.848035476425731	0.0								100.0
ENSG00000005302	147.0	0.2398042414355628	1.3129251700680271	0.45128314171848033	17.273976094436865		17.425797217451947		0.6518363448688383	1.0979978415690312	4.338385467673499	9.753894682582862	19.550022759624014	28.248028082401508	30.67418105837567	10.0								100.0	9.352796277515084	10.520319219610013	14.327873543603332	19.306891083219977	26.893514546590794	34.19951893353393	34.19951893353393	14.0								100.0
ENSG00000005339	451.0	0.7357259380097879	2.3636363636363638	0.7380158129501874			5.848035476425731									100.0								100.0	5.848035476425731	5.848035476425731	5.848035476425731	5.848035476425731	5.848035476425731	5.848035476425731	5.848035476425731	0.0								100.0
ENSG00000005379	53.0	0.0864600326264274	1.2264150943396226	0.4081999741975877	2.6535281148172793		20.541611774629484		0.0361064078764099	0.0361064078764099	0.7168387830609441	1.2925748036362896	2.769591490305372	8.01369934879344	9.665775022122919	0.0								100.0	5.848035476425731	5.848035476425731	14.771835981945454	21.389591127302847	27.05398041907919	34.19951893353393	37.38306960616825	0.0								100.0
ENSG00000005421	1.0	0.0016313213703099511	1.0	0.0	2.769591490305372				0.0	0.0	0.0	2.769591490305372	2.769591490305372	2.769591490305372	2.769591490305372	0.0								100.0								100.0								100.0
ENSG00000005436	177.0	0.28874388254486133	1.5028248587570623	0.5251598476870669	2.351844608259115		29.269358534239693		0.6518363448688383	0.6518363448688383	1.5611915381868808	2.354971485279915	2.997298254075739	4.792200566766014	7.950521596789982	0.0								100.0	20.065178034621667	22.62384909528189	25.141070623207916	32.00525994676241	34.19951893353393	36.722253429035426	37.88883338540819	0.0								100.0
ENSG00000005448	24.0	0.03915171288743882	1.9166666666666667	1.3294682479496225	2.769591490305372		34.19951893353393		0.0361064078764099	0.0361064078764099	0.6518363448688383	0.6518363448688383	0.9437802222610483	2.769591490305372	2.769591490305372	24.0								100.0	5.555195058767769	5.848035476425731	34.19951893353393	34.19951893353393	34.19951893353393	34.19951893353393	34.19951893353393	28.0								100.0
ENSG00000005469	121.0	0.19738988580750408	1.4462809917355373	0.5618627910071705	0.6518363448688383		34.19951893353393		0.6518363448688383	0.6518363448688383	0.6518363448688383	0.6518363448688383	1.4578145689821977	6.171973350528944	6.806117311744937	2.0								100.0	25.906002959101695	26.18044787710647	34.19951893353393	34.19951893353393	34.19951893353393	40.300563628138654	41.84036416374367	0.0								100.0
ENSG00000005471	4.0	0.0065252854812398045	1.0	0.0	2.769591490305372				2.769591490305372	2.769591490305372	2.769591490305372	2.769591490305372	2.769591490305372	2.769591490305372	2.769591490305372	0.0								100.0								100.0								100.0
ENSG00000005483	524.0	0.8548123980424144	3.6736641221374042	0.7540715591662353	11.76773446825124		34.19951893353393		0.6518363448688383	5.653990500390921	11.76773446825124	11.76773446825124	11.76773446825124	11.76773446825124	11.76773446825124	0.0								100.0	34.19951893353393	34.19951893353393	34.19951893353393	34.19951893353393	34.19951893353393	34.19951893353393	34.19951893353393	8.0								100.0
ENSG00000005486	254.0	0.41435562805872755	1.5314960629921262	0.6010863298561109	11.76773446825124		5.848035476425731		2.769591490305372	2.769591490305372	8.90145705989438	11.76773446825124	11.76773446825124	11.76773446825124	11.76773446825124	0.0								100.0	5.848035476425731	5.848035476425731	5.848035476425731	5.848035476425731	5.848035476425731	34.19951893353393	34.19951893353393	0.0								100.0
ENSG00000005700	367.0	0.598694942903752	2.0899182561307903	0.7239119797095406	2.769591490305372		34.19951893353393		2.769591490305372	2.769591490305372	2.769591490305372	2.769591490305372	2.769591490305372	2.769591490305372	2.769591490305372	10.0								100.0	5.848035476425731	5.848035476425731	34.19951893353393	34.19951893353393	34.19951893353393	34.19951893353393	34.19951893353393	0.0								100.0
ENSG00000005801	363.0	0.5921696574225123	1.9641873278236912	0.6337797210488082	2.769591490305372		34.19951893353393		2.769591490305372	2.769591490305372	2.769591490305372	2.769591490305372	10.520628219052249	16.73438872579882	17.57474170608203	0.0								100.0	24.413990446882647	28.5441381088938	34.19951893353393	34.19951893353393	34.19951893353393	37.476486317611034	40.55126952991139	0.0								100.0
ENSG00000005810	314.0	0.5122349102773246	1.7770700636942678	0.6495667983163907	2.769591490305372		34.19951893353393		2.769591490305372	2.769591490305372	2.769591490305372	2.769591490305372	2.769591490305372	5.321711806022109	6.823980430677044	0.0								100.0	29.037704753637122	31.004062804688118	34.19951893353393	34.19951893353393	34.19951893353393	34.19951893353393	34.56762172002394	0.0								100.0
ENSG00000005812	187.0	0.30505709624796085	1.427807486631016	0.5115891002927349	5.130612374532164		22.416102726670943		0.6518363448688383	0.6518363448688383	0.6518363448688383	4.255587300266071	5.931778352035061	11.76773446825124	11.76773446825124	0.0								100.0	5.848035476425731	5.848035476425731	19.623803657346613	24.342805005354144	34.19951893353393	34.19951893353393	34.19951893353393	0.0								100.0
ENSG00000005844	21.0	0.03425774877650897	1.1904761904761905	0.4195235392680606	0.0361064078764099		34.19951893353393		0.0361064078764099	0.0361064078764099	0.0361064078764099	0.6518363448688383	2.315345971149794	2.769591490305372	2.9965923682378754	0.0								100.0	5.848035476425731	5.848035476425731	6.365202638969256	25.1320958031538	34.19951893353393	34.19951893353393	36.87806378905743	10.0								100.0
ENSG00000005882	3.0	0.004893964110929853	1.0	0.0	2.769591490305372				0.623158085318709	2.769591490305372	2.769591490305372	2.769591490305372	2.769591490305372	2.769591490305372	2.769591490305372	0.0								100.0								100.0								100.0
ENSG00000005884	1.0	0.0016313213703099511	9.999999999999998	0.0			34.19951893353393		0.0	0.0	0.0	0.0	0.0	0.0	0.0	58.0								100.0	34.19951893353393	34.19951893353393	34.19951893353393	34.19951893353393	34.19951893353393	34.19951893353393	34.19951893353393	46.0								100.0
ENSG00000005889	354.0	0.5774877650897227	1.9124293785310735	0.6178766943954391	2.769591490305372		34.19951893353393		2.769591490305372	2.769591490305372	2.769591490305372	2.769591490305372	9.069705780785542	13.987036615547531	15.687154491646336	0.0								100.0	27.595556991421777	29.871600758871768	34.19951893353393	34.19951893353393	34.19951893353393	39.49109026430066	41.42268021392879	0.0								100.0
ENSG00000005893	289.0	0.47145187601957583	1.5986159169550174	0.5717564322458548	11.76773446825124		5.848035476425731		2.769591490305372	2.769591490305372	2.769591490305372	5.611373500142781	11.76773446825124	11.76773446825124	11.76773446825124	0.0								100.0	5.848035476425731	5.848035476425731	5.848035476425731	18.693505314798806	34.19951893353393	34.19951893353393	34.19951893353393	0.0								100.0
ENSG00000005961	18.0	0.02936378466557912	1.222222222222222	0.43598468393752	0.0361064078764099		34.19951893353393		0.0361064078764099	0.0361064078764099	0.0361064078764099	0.6518363448688383	1.3541609441039553	2.769591490305372	2.769591490305372	0.0								100.0	5.848035476425731	5.848035476425731	25.617553621882557	34.19951893353393	34.303396773810356	45.16667820208413	49.706046060743475	4.0								100.0
ENSG00000005981	0.0	0.0							0.0	0.0	0.0	0.0	0.0	0.0	0.0	0.0								100.0								100.0								100.0
ENSG00000006007	230.0	0.37520391517128876	1.5999999999999999	0.5698493317268744	11.76773446825124		5.848035476425731		1.8858766586059725	1.9434288077315236	2.585536093843442	3.609832734045895	11.76773446825124	11.76773446825124	11.76773446825124	0.0								100.0	5.848035476425731	5.848035476425731	5.848035476425731	26.15981019336885	31.965514668490904	40.043687065592856	42.488934378135326	0.0								100.0
ENSG00000006015	128.0	0.20880913539967375	1.2109375	0.46910812715575456					0.6518363448688383	0.6518363448688383	0.6518363448688383	2.769591490305372	24.878827357741848	31.45456158273714	31.84736643635703	56.0								100.0	5.848035476425731	5.848035476425731	8.261045134634776	24.83681238902063	34.19951893353393	34.19951893353393	34.19951893353393	56.0								100.0
ENSG00000006016	16.0	0.026101141924959218	1.3125	0.4441609072899436	0.5139831630920921		34.61503029463964		0.0361064078764099	0.0361064078764099	0.1534127404634389	0.6518363448688383	1.3036857750678768	2.769591490305372	2.769591490305372	0.0								100.0	5.848035476425731	5.848035476425731	8.481714208405837	34.19951893353393	48.45018732347837	65.18833788670591	67.1808596941281	0.0								100.0
ENSG00000006025	106.0	0.1729200652528548	1.2830188679245285	0.4511135779464107	19.1301053083111		20.225478623611494		0.1534127404634389	0.1534127404634389	0.6518363448688383	2.553680456860983	10.73439500533389	20.889796548834262	21.948835081835067	0.0								100.0	5.848035476425731	5.848035476425731	16.889367873435468	24.80350156118016	34.19951893353393	34.19951893353393	34.19951893353393	6.0								100.0
ENSG00000006042	111.0	0.18107667210440456	1.3873873873873874	0.5043243594531844	1.5857814015845393		29.889824569160428		0.6518363448688383	0.6518363448688383	0.7625543483642198	1.1411336559374348	2.4022315778760457	15.18249517995348	20.545851870768182	2.0								100.0	19.502705455494528	23.839771369349148	30.713241171745896	34.19951893353393	34.19951893353393	42.08276639283293	45.17272225424947	0.0								100.0
ENSG00000006062	187.0	0.30505709624796085	1.5668449197860963	0.6329378911305737	0.6518363448688383		34.19951893353393		0.6518363448688383	0.6518363448688383	0.6518363448688383	0.6518363448688383	2.580061951658391	5.279457841075729	10.378322201770047	0.0								100.0	20.99196060700981	22.696488000735748	32.622732728605854	34.19951893353393	34.19951893353393	34.19951893353393	34.19951893353393	0.0								100.0
ENSG00000006071	1.0	0.0016313213703099511	28.0	0.0	11.76773446825124				0.0	0.0	0.0	11.76773446825124	11.76773446825124	11.76773446825124	11.76773446825124	0.0								100.0								100.0								100.0
ENSG00000006116	7.0	0.011419249592169658	1.0	0.0	2.769591490305372				2.769591490305372	2.769591490305372	2.769591490305372	2.769591490305372	2.769591490305372	2.769591490305372	2.769591490305372	0.0								100.0								100.0								100.0
ENSG00000006125	468.0	0.763458401305057	2.7329059829059834	0.66583104754828			5.848035476425731									100.0								100.0	5.848035476425731	5.848035476425731	5.848035476425731	5.848035476425731	5.848035476425731	5.848035476425731	5.848035476425731	0.0								100.0
ENSG00000006128	0.0	0.0							0.0	0.0	0.0	0.0	0.0	0.0	0.0	0.0								100.0								100.0								100.0
ENSG00000006194	236.0	0.38499184339314846	1.5127118644067796	0.6190602936710257	11.76773446825124		5.848035476425731		2.769591490305372	2.769591490305372	11.76773446825124	11.76773446825124	11.76773446825124	11.76773446825124	11.76773446825124	0.0								100.0	5.848035476425731	5.848035476425731	5.848035476425731	5.848035476425731	5.848035476425731	34.19951893353393	34.19951893353393	0.0								100.0
ENSG00000006210	1.0	0.0016313213703099511	1.0	0.0	2.769591490305372				0.0	0.0	0.0	2.769591490305372	2.769591490305372	2.769591490305372	2.769591490305372	0.0								100.0								100.0								100.0
ENSG00000006282	3.0	0.004893964110929853	1.0	0.0	2.769591490305372				2.769591490305372	2.769591490305372	2.769591490305372	2.769591490305372	2.769591490305372	2.769591490305372	2.769591490305372	0.0								100.0								100.0								100.0
ENSG00000006283	2.0	0.0032626427406199023	1.0	0.0	2.769591490305372				0.0	0.0	2.769591490305372	2.769591490305372	2.769591490305372	2.769591490305372	2.769591490305372	0.0								100.0								100.0								100.0
ENSG00000006327	185.0	0.30179445350734097	1.362162162162162	0.514130144998786	0.6518363448688383		34.19951893353393		0.6518363448688383	0.6518363448688383	0.6518363448688383	2.6701262077346923	11.76773446825124	23.414233465385394	26.455666473106024	12.0								100.0	5.848035476425731	5.848035476425731	13.459211547968007	22.70166211567102	34.19951893353393	34.19951893353393	34.19951893353393	12.0								100.0
ENSG00000006432	36.0	0.05872756933115824	1.0277777777777777	0.15989404819188152	2.769591490305372				2.769591490305372	2.769591490305372	2.769591490305372	2.769591490305372	3.339778929159075	9.444868908622512	11.271918062911299	0.0								100.0	2.2323253850682163	2.3473288346408943	3.554333662010048	4.737929804892503	6.818248774369043	12.115571305716397	13.15437727166691	74.0								100.0
ENSG00000006451	350.0	0.5709624796084829	1.8885714285714283	0.7513124948464663	2.769591490305372		34.19951893353393		2.769591490305372	2.769591490305372	2.769591490305372	2.769591490305372	2.769591490305372	2.769591490305372	2.769591490305372	0.0								100.0	34.19951893353393	34.19951893353393	34.19951893353393	34.19951893353393	34.19951893353393	34.19951893353393	34.19951893353393	0.0								100.0
ENSG00000006453	178.0	0.2903752039151713	1.6179775280898876	0.5823404248121286	0.6518363448688383		34.19951893353393		0.6518363448688383	0.6518363448688383	0.6518363448688383	0.9823844501195045	1.6132988906908317	2.769591490305372	2.769591490305372	0.0								100.0	34.01403003438051	34.19951893353393	34.19951893353393	34.19951893353393	42.810400531554386	48.82542520919236	49.076184778989855	0.0								100.0
ENSG00000006459	159.0	0.25938009787928223	1.5534591194968552	0.598177281351929	0.6518363448688383		34.19951893353393		0.6518363448688383	0.6518363448688383	0.6518363448688383	0.6518363448688383	1.014589245698896	2.769591490305372	2.769591490305372	0.0								100.0	29.406560803519653	30.71281113114635	34.19951893353393	34.19951893353393	34.19951893353393	35.456731342888496	39.728785474668605	0.0								100.0
ENSG00000006468	247.0	0.4029363784665579	2.044534412955466	0.8936245557188254	2.769591490305372		34.19951893353393		2.0108161795711017	2.048999450428583	2.769591490305372	2.769591490305372	2.769591490305372	5.619195182430069	7.862854832713753	2.0								100.0	34.19951893353393	34.19951893353393	34.19951893353393	34.19951893353393	34.19951893353393	64.44732262680081	73.78722706520846	4.0								100.0
ENSG00000006530	336.0	0.5481239804241436	2.005952380952381	0.6738910949065736	2.769591490305372		34.19951893353393		2.769591490305372	2.769591490305372	2.769591490305372	2.769591490305372	2.769591490305372	9.963021614691101	13.238230298464247	2.0								100.0	34.19951893353393	34.19951893353393	34.19951893353393	34.19951893353393	34.19951893353393	43.79560182155548	48.33964473393575	0.0								100.0
ENSG00000006534	0.0	0.0							0.0	0.0	0.0	0.0	0.0	0.0	0.0	0.0								100.0								100.0								100.0
ENSG00000006576	513.0	0.8368678629690048	3.7660818713450293	0.7992476015111187	11.76773446825124		34.19951893353393		0.6518363448688383	0.6518363448688383	11.76773446825124	11.76773446825124	11.76773446825124	11.76773446825124	11.76773446825124	0.0								100.0	34.19951893353393	34.19951893353393	34.19951893353393	34.19951893353393	34.19951893353393	34.19951893353393	34.19951893353393	2.0								100.0
ENSG00000006606	37.0	0.06035889070146819	1.135135135135135	0.3011693009684171	4.897379166307232		11.919921033463021		1.469060046247944	1.477865197267911	2.3139748615701206	3.59092935088857	5.3077912452299065	6.476063377838114	6.758901002832069	0.0								100.0	4.733789616343784	6.5729907376095555	11.16998648930825	13.751541134929626	16.464352051017464	21.74200866259336	29.983846610724264	6.0								100.0
ENSG00000006607	259.0	0.42251223491027734	1.749034749034749	0.6460414913497693	2.769591490305372		34.19951893353393		2.0569283524764597	2.2317806891892125	2.769591490305372	2.769591490305372	2.769591490305372	2.769591490305372	2.769591490305372	0.0								100.0	34.19951893353393	34.19951893353393	34.19951893353393	34.19951893353393	34.19951893353393	40.654903787007605	44.34375127637317	0.0								100.0
ENSG00000006611	0.0	0.0							0.0	0.0	0.0	0.0	0.0	0.0	0.0	0.0								100.0								100.0								100.0
ENSG00000006625	297.0	0.48450244698205547	1.6531986531986531	0.5823494067535776	2.769591490305372		34.19951893353393		2.769591490305372	2.769591490305372	2.769591490305372	2.769591490305372	6.770756189369471	11.76773446825124	11.76773446825124	0.0								100.0	5.848035476425731	5.848035476425731	24.754664536564682	34.19951893353393	34.19951893353393	34.19951893353393	34.19951893353393	0.0								100.0
ENSG00000006634	492.0	0.802610114192496	3.101626016260162	0.6479150473956049	0.6518363448688383				0.6518363448688383	0.6518363448688383	0.6518363448688383	0.6518363448688383	0.6518363448688383	15.576202933566744	30.49584834783919	4.0								100.0				52.68160639336996				86.0								100.0
ENSG00000006638	40.0	0.06525285481239804	1.2	0.33333333333333337	1.5707582987154987		18.388451355174947		1.4219207691004452	1.4853244953863125	1.5532034782494635	1.7605134447377533	3.8382788921210365	5.629412564837925	6.223904486519507	0.0								100.0	6.854850286980959	7.001393946963132	11.78553088784997	18.29216870740455	22.407412421967425	29.74758263362117	35.70817065408338	2.0								100.0
ENSG00000006652	296.0	0.4828711256117455	1.7331081081081081	0.5979768476117668	2.769591490305372		34.19951893353393		2.4854045387525483	2.5450100446370114	2.769591490305372	2.769591490305372	4.0124277755182565	9.418048027511453	11.76773446825124	0.0								100.0	21.966167873644164	25.29461099441975	30.833873966306086	34.19951893353393	34.19951893353393	40.94953805152155	42.19171557006862	0.0								100.0
ENSG00000006695	306.0	0.499184339314845	1.8660130718954249	0.6229680794726742	3.1041903481777595		42.45011942877038		2.5705278896815176	2.6121484897004206	2.769591490305372	2.769591490305372	4.820012838952447	9.852252528436187	10.834679814864003	0.0								100.0	29.598292555678125	30.852544302693218	34.19951893353393	34.36761117843372	40.905431212602394	49.43940875773692	50.9425484918748	0.0								100.0
ENSG00000006704	228.0	0.3719412724306688	1.7543859649122808	0.6562773803811921	2.769591490305372		34.19951893353393		2.231151155659524	2.769591490305372	2.769591490305372	2.769591490305372	2.769591490305372	2.769591490305372	2.769591490305372	0.0								100.0	34.19951893353393	34.19951893353393	34.19951893353393	34.19951893353393	34.19951893353393	50.42638706822426	50.50697342003367	0.0								100.0
ENSG00000006712	202.0	0.3295269168026101	1.3564356435643565	0.49301152673776	11.76773446825124		5.848035476425731		5.806753658792391	6.033378336691045	8.849858786492163	11.76773446825124	11.76773446825124	11.76773446825124	11.995516204361511	8.0								100.0	5.848035476425731	5.848035476425731	5.848035476425731	5.848035476425731	16.73924255065415	34.19951893353393	34.19951893353393	14.0								100.0
ENSG00000006715	274.0	0.4469820554649266	1.7043795620437958	0.6410156426771417	2.769591490305372		34.19951893353393		2.769591490305372	2.769591490305372	2.769591490305372	2.769591490305372	2.769591490305372	11.76773446825124	11.76773446825124	0.0								100.0	34.19951893353393	34.19951893353393	34.19951893353393	34.19951893353393	34.19951893353393	34.19951893353393	34.19951893353393	0.0								100.0
ENSG00000006740	11.0	0.01794453507340946	1.0	0.0	2.769591490305372				2.769591490305372	2.769591490305372	2.769591490305372	2.769591490305372	2.769591490305372	2.769591490305372	2.769591490305372	0.0								100.0								100.0								100.0
ENSG00000006744	165.0	0.26916802610114193	1.2666666666666666	0.4443325077988096					0.6518363448688383	0.6518363448688383	4.1859787403313256	23.700662592915215	32.72615794513189	40.82300178281443	41.9868602195768	52.0								100.0	5.204052010862023	7.668780636778548	10.408221136206464	15.140876973141658	34.19951893353393	34.19951893353393	34.19951893353393	60.0								100.0
ENSG00000006747	31.0	0.05057096247960848	1.3870967741935485	0.539414581615963	0.1534127404634389		34.19951893353393		0.0361064078764099	0.0361064078764099	0.1918298845001538	0.6518363448688383	0.6518363448688383	1.450108811900074	1.6255409196932578	0.0								100.0	21.916344531188397	26.246351246704197	34.19951893353393	34.19951893353393	34.19951893353393	61.41857910722901	71.83114610949364	0.0								100.0
ENSG00000006756	6.0	0.009787928221859706	1.0	0.0	2.769591490305372				2.769591490305372	2.769591490305372	2.769591490305372	2.769591490305372	2.769591490305372	2.769591490305372	2.769591490305372	0.0								100.0								100.0								100.0
ENSG00000006757	68.0	0.11092985318107668	1.1617647058823528	0.34965132447931985	4.5461415682857815		11.574555972334586		0.1534127404634389	0.8239957616887981	2.769591490305372	4.636351191796426	7.508926408256643	11.76773446825124	12.420157315004225	0.0								100.0	4.906741057409796	5.239157716870992	5.848035476425731	11.348248711164917	15.165121945888153	20.755191773610605	22.490132927099896	2.0								100.0
ENSG00000006788	2.0	0.0032626427406199023	1.0	0.0	2.769591490305372				0.0	0.0	2.769591490305372	2.769591490305372	2.769591490305372	2.769591490305372	2.769591490305372	0.0								100.0								100.0								100.0
ENSG00000006831	416.0	0.6786296900489397	2.1802884615384612	0.6744266750362218			5.848035476425731					2.769591490305372				84.0								100.0	5.848035476425731	5.848035476425731	5.848035476425731	5.848035476425731	5.848035476425731	34.19951893353393	34.19951893353393	0.0								100.0
ENSG00000006837	41.0	0.06688417618270799	1.1463414634146343	0.3083271648125412	5.566026752711312		12.735332925941275		1.4885259568331006	1.5334655221073947	1.5942850667575188	5.101643207290923	6.585492391324237	8.001661658937238	8.107564172001362	0.0								100.0	2.1173219354955384	2.3549947302616223	8.064416212229712	10.277182061331391	15.133826011301181	19.93997881195228	22.90734092993469	6.0								100.0
ENSG00000007001	15.0	0.024469820554649267	1.4	0.5714285714285715	0.1534127404634389		34.19951893353393		0.0361064078764099	0.0486213082370394	0.1534127404634389	0.6518363448688383	1.3060429360081984	1.6652830418392242	2.552946296449216	0.0								100.0	5.848035476425731	5.848035476425731	30.734472143202332	34.19951893353393	34.19951893353393	34.19951893353393	48.9544938652132	2.0								100.0
ENSG00000007038	226.0	0.36867862969004894	1.6504424778761062	0.6491092223943867	2.769591490305372		34.19951893353393		2.2475993640868563	2.769591490305372	2.769591490305372	2.769591490305372	11.76773446825124	11.76773446825124	11.76773446825124	0.0								100.0	5.848035476425731	5.848035476425731	34.19951893353393	34.19951893353393	34.19951893353393	34.19951893353393	34.19951893353393	0.0								100.0
ENSG00000007047	200.0	0.3262642740619902	1.5399999999999998	0.6120452814518536	0.6518363448688383		34.19951893353393		0.6518363448688383	0.6518363448688383	0.6518363448688383	0.6518363448688383	9.518198723764772	11.76773446825124	11.76773446825124	0.0								100.0	5.848035476425731	5.848035476425731	12.93590634070278	34.19951893353393	34.19951893353393	34.19951893353393	34.19951893353393	0.0								100.0
ENSG00000007062	2.0	0.0032626427406199023	2.4999999999999996	0.6000000000000001					0.0	0.0	0.1534127404634389	0.6518363448688383	2.769591490305372	2.769591490305372	2.769591490305372	12.0								100.0				34.19951893353393				88.0								100.0
ENSG00000007080	372.0	0.6068515497553018	1.7876344086021507	0.6043747274047437	2.769591490305372		34.19951893353393		2.769591490305372	2.769591490305372	2.769591490305372	2.769591490305372	2.769591490305372	2.769591490305372	11.733934329751703	0.0								100.0	34.19951893353393	34.19951893353393	34.19951893353393	34.19951893353393	34.19951893353393	34.19951893353393	34.19951893353393	0.0								100.0
ENSG00000007129	1.0	0.0016313213703099511	1.0	0.0	2.769591490305372				0.0	0.0	2.769591490305372	2.769591490305372	2.769591490305372	2.769591490305372	2.769591490305372	0.0								100.0								100.0								100.0
ENSG00000007168	429.0	0.6998368678629691	2.494172494172494	0.7120845261865152			5.848035476425731									100.0								100.0	5.848035476425731	5.848035476425731	5.848035476425731	5.848035476425731	5.848035476425731	5.848035476425731	5.848035476425731	0.0								100.0
ENSG00000007171	0.0	0.0							0.0	0.0	0.0	0.0	0.0	0.0	0.0	0.0								100.0								100.0								100.0
ENSG00000007174	16.0	0.026101141924959218	1.0	0.0	2.769591490305372				2.769591490305372	2.769591490305372	2.769591490305372	2.769591490305372	2.769591490305372	2.769591490305372	2.769591490305372	0.0								100.0								100.0								100.0
ENSG00000007202	356.0	0.5807504078303426	1.896067415730337	0.6842119213816493	2.769591490305372		34.19951893353393		2.769591490305372	2.769591490305372	2.769591490305372	2.769591490305372	2.769591490305372	2.769591490305372	2.769591490305372	0.0								100.0	34.19951893353393	34.19951893353393	34.19951893353393	34.19951893353393	34.19951893353393	34.19951893353393	34.19951893353393	0.0								100.0
ENSG00000007237	10.0	0.01631321370309951	1.0	0.0	2.769591490305372				2.769591490305372	2.769591490305372	2.769591490305372	2.769591490305372	2.769591490305372	2.769591490305372	2.769591490305372	0.0								100.0								100.0								100.0
ENSG00000007255	58.0	0.09461663947797716	1.1206896551724137	0.334593279552793	2.769591490305372		5.848035476425731		0.8281768019789614	1.4995813747675661	2.769591490305372	2.769591490305372	5.9102393554739185	10.127310345237904	11.429663910173641	0.0								100.0	1.4034820281107128	1.7489030885158074	5.848035476425731	5.848035476425731	6.443375551711988	18.47687818231065	33.818261069152236	16.0								100.0
ENSG00000007264	97.0	0.15823817292006526	1.3402061855670102	0.4896563219335245	8.470243652084859		27.395406295999486		0.1534127404634389	0.1534127404634389	0.6518363448688383	1.04014955354712	2.769591490305372	8.317950514691665	9.96776988267467	0.0								100.0	18.411014989525867	19.937905534626715	29.078506446299183	34.19951893353393	34.19951893353393	37.516962202818576	38.292477713699014	0.0								100.0
ENSG00000007306	0.0	0.0							0.0	0.0	0.0	0.0	0.0	0.0	0.0	0.0								100.0								100.0								100.0
ENSG00000007314	4.0	0.0065252854812398045	1.0	0.0	2.769591490305372				2.769591490305372	2.769591490305372	2.769591490305372	2.769591490305372	2.769591490305372	2.769591490305372	2.769591490305372	0.0								100.0								100.0								100.0
ENSG00000007341	190.0	0.3099510603588907	1.4578947368421054	0.6277956541648634	0.6518363448688383		34.19951893353393		0.6518363448688383	0.6518363448688383	0.6518363448688383	0.6518363448688383	3.2656010783454437	11.76773446825124	11.76773446825124	0.0								100.0	5.848035476425731	5.848035476425731	34.19951893353393	34.19951893353393	34.19951893353393	34.19951893353393	34.19951893353393	0.0								100.0
ENSG00000007372	25.0	0.040783034257748776	1.28	0.414578098794425	0.8167108633338144		29.716383676761744		0.09536115662732997	0.3486091181279805	0.8794845365216613	1.3617275511613256	1.436297483551723	2.1334215938105183	2.6282580388383283	0.0								100.0	5.848035476425731	5.848035476425731	22.990445658792748	32.740471242150356	39.395101645540464	53.59281885947474	59.41469156660166	2.0								100.0
ENSG00000007376	253.0	0.41272430668841764	1.525691699604743	0.5483544802807038	11.76773446825124		5.848035476425731		3.0180306105509196	3.5249843526290108	6.279782135122856	11.76773446825124	11.76773446825124	11.76773446825124	11.76773446825124	0.0								100.0	5.848035476425731	5.848035476425731	5.848035476425731	5.848035476425731	23.387135353191958	27.82442126076161	29.53129712538028	0.0								100.0
ENSG00000007384	5.0	0.008156606851549755	1.2	0.3333333333333334	2.769591490305372		5.848035476425731		0.0361064078764099	0.0361064078764099	0.1534127404634389	0.6518363448688383	2.769591490305372	2.769591490305372	2.769591490305372	0.0								100.0	5.848035476425731	5.848035476425731	5.848035476425731	20.02377720497983	34.19951893353393	34.19951893353393	34.19951893353393	32.0								100.0
ENSG00000007392	392.0	0.6394779771615008	1.9005102040816328	0.554359166020666	2.769591490305372		34.19951893353393		2.769591490305372	2.769591490305372	2.769591490305372	9.62837352125483	23.77435364336318	27.147404025268536	27.797127102665282	0.0								100.0	10.165605707649942	10.621615194486475	14.796144117878361	34.19951893353393	34.19951893353393	34.19951893353393	34.19951893353393	0.0								100.0
ENSG00000007402	3.0	0.004893964110929853	1.0	0.0	2.769591490305372				2.769591490305372	2.769591490305372	2.769591490305372	2.769591490305372	2.769591490305372	2.769591490305372	2.769591490305372	0.0								100.0								100.0								100.0
ENSG00000007516	7.0	0.011419249592169658	1.0	0.0	2.769591490305372				2.769591490305372	2.769591490305372	2.769591490305372	2.769591490305372	2.769591490305372	2.769591490305372	2.769591490305372	0.0								100.0								100.0								100.0
ENSG00000007520	206.0	0.3360522022838499	1.3883495145631068	0.4344115381957302	6.602378413227012		13.288638699062998		4.371644286862773	4.883373721975271	5.903520254048056	7.097538476567727	8.058696932260373	14.872724701637454	17.635922672407116	2.0								100.0	6.729433638738941	6.8512012096130475	10.502535118047094	12.404740667796897	15.550261871777781	17.767171367688352	18.1637188948681	0.0								100.0
ENSG00000007541	124.0	0.20228384991843393	1.1693548387096775	0.4572054908680613					0.4524669031066786	0.6518363448688383	0.6518363448688383	2.769591490305372	2.769591490305372	17.221761074458612	19.929297958540246	50.0								100.0	5.112392426707271	5.848035476425731	5.848035476425731	5.848035476425731	5.848035476425731	34.19951893353393	34.19951893353393	50.0								100.0
ENSG00000007545	156.0	0.2544861337683524	1.442307692307692	0.5221607528834888	2.8880254640261986		28.140728977226214		0.6518363448688383	0.6518363448688383	0.6518363448688383	0.6518363448688383	1.9718693980005992	3.8975593828720676	4.674511005928995	0.0								100.0	18.0148898997129	19.521536285712006	25.14849949592562	33.730819256018975	34.19951893353393	34.19951893353393	34.19951893353393	2.0								100.0
ENSG00000007866	69.0	0.11256117455138662	1.1884057971014492	0.32904237959102545	6.734234401300929		13.641638099225448		1.7497886494431243	1.7672883432874882	2.154591913576795	4.986646340209424	7.622195791971553	13.099882826572248	14.428274391003756	0.0								100.0	5.900688484495769	6.094244840258225	10.292293366951167	13.704982187639486	16.195001250306344	21.61517351932433	22.713999575509202	0.0								100.0
ENSG00000007923	427.0	0.6965742251223491	2.559718969555035	0.7202138609105112			5.848035476425731									100.0								100.0	5.848035476425731	5.848035476425731	5.848035476425731	5.848035476425731	5.848035476425731	5.848035476425731	5.848035476425731	0.0								100.0
ENSG00000007933	0.0	0.0							0.0	0.0	0.0	0.0	0.0	0.0	0.0	0.0								100.0								100.0								100.0
ENSG00000007944	357.0	0.5823817292006526	2.1232492997198875	0.7166491148889458	2.769591490305372		34.19951893353393		2.769591490305372	2.769591490305372	2.769591490305372	2.769591490305372	2.769591490305372	2.769591490305372	2.769591490305372	26.0								100.0	5.848035476425731	5.848035476425731	34.19951893353393	34.19951893353393	34.19951893353393	34.19951893353393	34.19951893353393	0.0								100.0
ENSG00000007952	0.0	0.0							0.0	0.0	0.0	0.0	0.0	0.0	0.0	0.0								100.0								100.0								100.0
ENSG00000007968	285.0	0.46492659053833607	1.9368421052631577	0.6479482668560347	2.769591490305372		34.19951893353393		2.4370823334136658	2.552872089561433	2.769591490305372	2.769591490305372	5.458863813144143	9.895511425115194	10.477859283085715	0.0								100.0	34.19951893353393	34.19951893353393	34.19951893353393	35.285892912162666	56.46888439584263	61.821419836574506	62.422554691711355	0.0								100.0
ENSG00000008018	550.0	0.8972267536704731	3.485454545454545	0.5982515857484109	11.76773446825124		34.19951893353393		0.6518363448688383	0.6518363448688383	0.6518363448688383	11.76773446825124	11.76773446825124	20.978203973219063	29.176049747146955	0.0								100.0	29.81873190414094	31.544804415336948	34.19951893353393	34.19951893353393	34.19951893353393	44.26415218197927	54.47760842297479	18.0								100.0
ENSG00000008056	2.0	0.0032626427406199023	1.0	0.0	2.769591490305372				0.0	0.0	2.769591490305372	2.769591490305372	2.769591490305372	2.769591490305372	2.769591490305372	0.0								100.0								100.0								100.0
ENSG00000008083	504.0	0.8221859706362153	3.509920634920635	0.8729864985410841	0.6518363448688383				0.6518363448688383	0.6518363448688383	0.6518363448688383	0.6518363448688383	0.6518363448688383	11.76773446825124	11.76773446825124	0.0								100.0				34.19951893353393				82.0								100.0
ENSG00000008086	9.0	0.01468189233278956	1.3333333333333333	0.5	0.1534127404634389		34.19951893353393		0.0361064078764099	0.0361064078764099	0.0361064078764099	0.37315907201333337	0.6518363448688383	2.769591490305372	2.769591490305372	0.0								100.0	5.848035476425731	5.848035476425731	34.19951893353393	34.19951893353393	34.19951893353393	64.64474269031763	71.03731182839934	2.0								100.0
ENSG00000008128	154.0	0.25122349102773245	1.2662337662337664	0.44129389575724937					0.6518363448688383	0.6518363448688383	9.497923110890223	18.11142898401085	27.978565671490117	35.669625270272654	39.091386132316586	36.0								100.0	5.257506801923298	6.847210958430923	9.2358923080312	13.449749878857306	34.19951893353393	34.19951893353393	34.19951893353393	46.0								100.0
ENSG00000008130	300.0	0.4893964110929853	1.5833333333333333	0.5320737665726364	9.076325343796867		16.972489884456177		2.769591490305372	2.769591490305372	6.766992126304249	10.194640467834299	11.76773446825124	13.610961896225852	14.439367007626196	0.0								100.0	5.848035476425731	5.848035476425731	6.288599153973478	16.208833374683543	20.62668263200584	26.438559307543102	32.52356329531167	0.0								100.0
ENSG00000008197	0.0	0.0							0.0	0.0	0.0	0.0	0.0	0.0	0.0	0.0								100.0								100.0								100.0
ENSG00000008226	5.0	0.008156606851549755	1.0	0.0	2.769591490305372				0.0	1.246316170637418	2.769591490305372	2.769591490305372	2.769591490305372	2.769591490305372	2.769591490305372	0.0								100.0								100.0								100.0
ENSG00000008256	211.0	0.3442088091353997	1.6208530805687202	0.6237466486266627	2.769591490305372		34.19951893353393		0.6518363448688383	0.6518363448688383	1.9385704695005477	2.769591490305372	2.769591490305372	11.76773446825124	11.76773446825124	0.0								100.0	5.848035476425731	5.848035476425731	5.848035476425731	34.19951893353393	34.19951893353393	34.19951893353393	34.19951893353393	0.0								100.0
ENSG00000008277	21.0	0.03425774877650897	1.1428571428571428	0.30618621784789724	1.09682855277699		14.430130605816311		0.6518363448688383	0.6518363448688383	1.283635271264902	1.4083160460679496	1.5965762019604006	2.769591490305372	2.769591490305372	0.0								100.0	5.848035476425731	5.848035476425731	8.986904776007044	17.71473516309727	23.22298460303721	33.99260502210108	34.62922142049774	6.0								100.0
ENSG00000008282	410.0	0.6688417618270799	2.275609756097561	0.6702729834928864			5.848035476425731					2.769591490305372				94.0								100.0	5.848035476425731	5.848035476425731	5.848035476425731	5.848035476425731	5.848035476425731	5.848035476425731	5.848035476425731	0.0								100.0
ENSG00000008283	151.0	0.2463295269168026	1.3509933774834437	0.5467829088441549	0.6518363448688383		34.19951893353393		0.6518363448688383	0.6518363448688383	0.6518363448688383	0.6518363448688383	0.6518363448688383	15.533688361213475	26.239752921621346	20.0								100.0	19.16544833826469	28.865108834205618	34.19951893353393	34.19951893353393	34.19951893353393	34.19951893353393	34.19951893353393	4.0								100.0
ENSG00000008294	328.0	0.5350734094616639	1.8170731707317074	0.6467723636166537	2.769591490305372		34.19951893353393		2.769591490305372	2.769591490305372	2.769591490305372	2.769591490305372	2.769591490305372	8.594919318187976	10.940262146089532	0.0								100.0	28.958499710990676	31.955766580463415	34.19951893353393	34.19951893353393	34.19951893353393	34.616746742203986	35.031066107298976	0.0								100.0
ENSG00000008300	5.0	0.008156606851549755	1.4000000000000001	0.34992710611188255	0.0361064078764099		34.19951893353393		0.0361064078764099	0.0361064078764099	0.0361064078764099	0.1534127404634389	0.6518363448688383	2.769591490305372	2.769591490305372	0.0								100.0	5.848035476425731	5.848035476425731	34.19951893353393	34.19951893353393	34.19951893353393	34.19951893353393	34.19951893353393	14.0								100.0
ENSG00000008311	1.0	0.0016313213703099511	1.0	0.0	2.769591490305372				0.0	0.0	0.0	2.769591490305372	2.769591490305372	2.769591490305372	2.769591490305372	0.0								100.0								100.0								100.0
ENSG00000008323	2.0	0.0032626427406199023	1.0	0.0	2.769591490305372				0.0	0.0	2.769591490305372	2.769591490305372	2.769591490305372	2.769591490305372	2.769591490305372	0.0								100.0								100.0								100.0
ENSG00000008324	474.0	0.7732463295269169	2.451476793248945	0.6374142577329157			5.848035476425731					40.106697062324756				98.0								100.0	5.848035476425731	5.848035476425731	5.848035476425731	5.848035476425731	5.848035476425731	5.848035476425731	25.358053437577333	0.0								100.0
ENSG00000008382	31.0	0.05057096247960848	1.0967741935483872	0.3553837051057227	2.769591490305372		5.848035476425731		0.0361064078764099	0.0361064078764099	0.6518363448688383	2.769591490305372	2.769591490305372	3.36700001506498	4.518939600600996	0.0								100.0	4.2971208594291745	5.206217817949431	5.848035476425731	5.848035476425731	20.02377720497983	34.19951893353393	34.19951893353393	30.0								100.0
ENSG00000008394	161.0	0.2626427406199021	1.7018633540372672	0.6769458134079754	2.769591490305372		34.19951893353393		0.6518363448688383	0.6518363448688383	0.6518363448688383	2.769591490305372	2.769591490305372	2.769591490305372	2.769591490305372	0.0								100.0	34.19951893353393	34.19951893353393	34.19951893353393	34.19951893353393	34.19951893353393	34.19951893353393	34.19951893353393	0.0								100.0
ENSG00000008405	215.0	0.35073409461663946	1.6186046511627907	0.5788357844604217	11.76773446825124		5.848035476425731		0.6518363448688383	1.1710198398925142	2.266887741584124	2.769591490305372	11.76773446825124	11.76773446825124	11.76773446825124	0.0								100.0	5.848035476425731	5.848035476425731	25.111036652290935	33.66387953373652	34.19951893353393	41.11436186593191	41.597718758442085	0.0								100.0
ENSG00000008438	0.0	0.0							0.0	0.0	0.0	0.0	0.0	0.0	0.0	0.0								100.0								100.0								100.0
